scene_id,platform,acquisition_date,orbit_pass,relative_orbit,absolute_orbit,polarization,size_mb,gap_days
S1A_IW_SLC__1SDV_20260601T110639_20260601T110706_064775_082954_1E78,Sentinel-1A,2026-06-01 11:06:39+00:00,ASCENDING,28,64775,VV+VH,4558.7,
S1A_IW_SLC__1SDV_20150618T105756_20150618T105824_006427_0087E6_EF81,Sentinel-1A,2015-06-18 10:57:56+00:00,ASCENDING,55,6427,VV+VH,4650.0,
S1A_IW_SLC__1SDV_20150630T105758_20150630T105827_006602_008CCA_715C,Sentinel-1A,2015-06-30 10:57:58+00:00,ASCENDING,55,6602,VV+VH,5146.7,12.0
S1A_IW_SLC__1SDV_20150712T105757_20150712T105832_006777_0091A0_F83C,Sentinel-1A,2015-07-12 10:57:57+00:00,ASCENDING,55,6777,VV+VH,6172.9,11.0
S1A_IW_SLC__1SDV_20150724T105758_20150724T105825_006952_00969F_119E,Sentinel-1A,2015-07-24 10:57:58+00:00,ASCENDING,55,6952,VV+VH,4695.7,12.0
S1A_IW_SLC__1SDV_20150910T105800_20150910T105830_007652_00A9D3_4B0B,Sentinel-1A,2015-09-10 10:58:00+00:00,ASCENDING,55,7652,VV+VH,5166.7,48.0
S1A_IW_SLC__1SDV_20151004T105801_20151004T105830_008002_00B32E_A1B7,Sentinel-1A,2015-10-04 10:58:01+00:00,ASCENDING,55,8002,VV+VH,5163.3,24.0
S1A_IW_SLC__1SDV_20151016T105801_20151016T105828_008177_00B7D9_66C9,Sentinel-1A,2015-10-16 10:58:01+00:00,ASCENDING,55,8177,VV+VH,4655.7,12.0
S1A_IW_SLC__1SDV_20151109T105800_20151109T105827_008527_00C12D_8DD8,Sentinel-1A,2015-11-09 10:58:00+00:00,ASCENDING,55,8527,VV+VH,4665.9,23.0
S1A_IW_SLC__1SDV_20151203T105754_20151203T105822_008877_00CB0F_7EE6,Sentinel-1A,2015-12-03 10:57:54+00:00,ASCENDING,55,8877,VV+VH,4759.4,23.0
S1A_IW_SLC__1SDV_20151227T105753_20151227T105821_009227_00D4DC_8A75,Sentinel-1A,2015-12-27 10:57:53+00:00,ASCENDING,55,9227,VV+VH,4753.1,23.0
S1A_IW_SLC__1SDV_20160120T105753_20160120T105821_009577_00DEE2_882D,Sentinel-1A,2016-01-20 10:57:53+00:00,ASCENDING,55,9577,VV+VH,4763.2,24.0
S1A_IW_SLC__1SDV_20160201T105752_20160201T105822_009752_00E401_4B8D,Sentinel-1A,2016-02-01 10:57:52+00:00,ASCENDING,55,9752,VV+VH,5086.9,11.0
S1A_IW_SLC__1SDV_20160225T105752_20160225T105820_010102_00EE39_39F3,Sentinel-1A,2016-02-25 10:57:52+00:00,ASCENDING,55,10102,VV+VH,4719.6,24.0
S1A_IW_SLC__1SDV_20160308T105752_20160308T105820_010277_00F326_44C2,Sentinel-1A,2016-03-08 10:57:52+00:00,ASCENDING,55,10277,VV+VH,4760.3,12.0
S1A_IW_SLC__1SDV_20160320T105753_20160320T105820_010452_00F81D_3DDA,Sentinel-1A,2016-03-20 10:57:53+00:00,ASCENDING,55,10452,VV+VH,4745.2,12.0
S1A_IW_SLC__1SDV_20160401T105758_20160401T105826_010627_00FD20_4AC3,Sentinel-1A,2016-04-01 10:57:58+00:00,ASCENDING,55,10627,VV+VH,4764.1,12.0
S1A_IW_SLC__1SDV_20160425T105759_20160425T105827_010977_0107C1_7AD6,Sentinel-1A,2016-04-25 10:57:59+00:00,ASCENDING,55,10977,VV+VH,4767.7,24.0
S1A_IW_SLC__1SDV_20160519T105803_20160519T105831_011327_0112EC_6A4B,Sentinel-1A,2016-05-19 10:58:03+00:00,ASCENDING,55,11327,VV+VH,4750.6,24.0
S1A_IW_SLC__1SDV_20160531T105804_20160531T105832_011502_0118A0_B375,Sentinel-1A,2016-05-31 10:58:04+00:00,ASCENDING,55,11502,VV+VH,4783.9,12.0
S1A_IW_SLC__1SDV_20160612T105805_20160612T105833_011677_011E1D_EFF1,Sentinel-1A,2016-06-12 10:58:05+00:00,ASCENDING,55,11677,VV+VH,4794.2,12.0
S1A_IW_SLC__1SDV_20160706T105806_20160706T105834_012027_012942_4B16,Sentinel-1A,2016-07-06 10:58:06+00:00,ASCENDING,55,12027,VV+VH,4795.6,24.0
S1A_IW_SLC__1SDV_20160718T105807_20160718T105835_012202_012EFB_6330,Sentinel-1A,2016-07-18 10:58:07+00:00,ASCENDING,55,12202,VV+VH,4763.0,12.0
S1A_IW_SLC__1SDV_20160730T105808_20160730T105837_012377_0134B5_20D5,Sentinel-1A,2016-07-30 10:58:08+00:00,ASCENDING,55,12377,VV+VH,5109.3,12.0
S1A_IW_SLC__1SDV_20160811T105808_20160811T105836_012552_013A8B_F57F,Sentinel-1A,2016-08-11 10:58:08+00:00,ASCENDING,55,12552,VV+VH,4786.3,12.0
S1A_IW_SLC__1SDV_20160823T105809_20160823T105839_012727_014058_1769,Sentinel-1A,2016-08-23 10:58:09+00:00,ASCENDING,55,12727,VV+VH,5119.2,12.0
S1A_IW_SLC__1SDV_20160916T105810_20160916T105838_013077_014BD9_B768,Sentinel-1A,2016-09-16 10:58:10+00:00,ASCENDING,55,13077,VV+VH,4763.3,24.0
S1A_IW_SLC__1SDV_20160928T105810_20160928T105838_013252_01519B_E429,Sentinel-1A,2016-09-28 10:58:10+00:00,ASCENDING,55,13252,VV+VH,4760.1,12.0
S1A_IW_SLC__1SDV_20161010T105810_20161010T105838_013427_01571F_B9FA,Sentinel-1A,2016-10-10 10:58:10+00:00,ASCENDING,55,13427,VV+VH,4739.6,12.0
S1A_IW_SLC__1SDV_20161022T105810_20161022T105838_013602_015CA1_0721,Sentinel-1A,2016-10-22 10:58:10+00:00,ASCENDING,55,13602,VV+VH,4767.9,12.0
S1A_IW_SLC__1SDV_20161103T105810_20161103T105838_013777_016212_0B1E,Sentinel-1A,2016-11-03 10:58:10+00:00,ASCENDING,55,13777,VV+VH,4722.0,12.0
S1A_IW_SLC__1SDV_20161115T105810_20161115T105838_013952_016788_3C1B,Sentinel-1A,2016-11-15 10:58:10+00:00,ASCENDING,55,13952,VV+VH,4764.9,12.0
S1A_IW_SLC__1SDV_20161127T105810_20161127T105837_014127_016CE1_3A86,Sentinel-1A,2016-11-27 10:58:10+00:00,ASCENDING,55,14127,VV+VH,4710.4,12.0
S1A_IW_SLC__1SDV_20161209T105809_20161209T105837_014302_01726B_EA4A,Sentinel-1A,2016-12-09 10:58:09+00:00,ASCENDING,55,14302,VV+VH,4709.3,11.0
S1A_IW_SLC__1SDV_20161221T105809_20161221T105837_014477_0177E4_A92A,Sentinel-1A,2016-12-21 10:58:09+00:00,ASCENDING,55,14477,VV+VH,4731.1,12.0
S1A_IW_SLC__1SDV_20170102T105807_20170102T105835_014652_017D43_C774,Sentinel-1A,2017-01-02 10:58:07+00:00,ASCENDING,55,14652,VV+VH,4723.7,11.0
S1A_IW_SLC__1SDV_20170114T105807_20170114T105835_014827_01829C_5ADB,Sentinel-1A,2017-01-14 10:58:07+00:00,ASCENDING,55,14827,VV+VH,4740.2,12.0
S1A_IW_SLC__1SDV_20170126T105807_20170126T105834_015002_018804_AE7F,Sentinel-1A,2017-01-26 10:58:07+00:00,ASCENDING,55,15002,VV+VH,4714.0,12.0
S1A_IW_SLC__1SDV_20170207T105806_20170207T105834_015177_018D6A_2D6C,Sentinel-1A,2017-02-07 10:58:06+00:00,ASCENDING,55,15177,VV+VH,4731.5,11.0
S1A_IW_SLC__1SDV_20170219T105806_20170219T105834_015352_0192E4_78E0,Sentinel-1A,2017-02-19 10:58:06+00:00,ASCENDING,55,15352,VV+VH,4730.7,12.0
S1A_IW_SLC__1SDV_20170303T105806_20170303T105834_015527_01982D_88EB,Sentinel-1A,2017-03-03 10:58:06+00:00,ASCENDING,55,15527,VV+VH,4699.8,12.0
S1A_IW_SLC__1SDV_20170327T105752_20170327T105819_015877_01A2AE_CE03,Sentinel-1A,2017-03-27 10:57:52+00:00,ASCENDING,55,15877,VV+VH,4540.9,23.0
S1A_IW_SLC__1SDV_20170327T105817_20170327T105844_015877_01A2AE_EE39,Sentinel-1A,2017-03-27 10:58:17+00:00,ASCENDING,55,15877,VV+VH,4572.6,0.0
S1A_IW_SLC__1SDV_20170408T105752_20170408T105819_016052_01A7EA_3C97,Sentinel-1A,2017-04-08 10:57:52+00:00,ASCENDING,55,16052,VV+VH,4566.5,11.0
S1A_IW_SLC__1SDV_20170408T105817_20170408T105844_016052_01A7EA_B6C9,Sentinel-1A,2017-04-08 10:58:17+00:00,ASCENDING,55,16052,VV+VH,4591.2,0.0
S1A_IW_SLC__1SDV_20170420T105753_20170420T105820_016227_01AD47_2590,Sentinel-1A,2017-04-20 10:57:53+00:00,ASCENDING,55,16227,VV+VH,4560.0,11.0
S1A_IW_SLC__1SDV_20170420T105818_20170420T105845_016227_01AD47_CD77,Sentinel-1A,2017-04-20 10:58:18+00:00,ASCENDING,55,16227,VV+VH,4586.9,0.0
S1A_IW_SLC__1SDV_20170502T105753_20170502T105820_016402_01B293_D54F,Sentinel-1A,2017-05-02 10:57:53+00:00,ASCENDING,55,16402,VV+VH,4732.1,11.0
S1A_IW_SLC__1SDV_20170502T105818_20170502T105845_016402_01B293_8671,Sentinel-1A,2017-05-02 10:58:18+00:00,ASCENDING,55,16402,VV+VH,4595.5,0.0
S1A_IW_SLC__1SDV_20170514T105754_20170514T105821_016577_01B7E7_2F8B,Sentinel-1A,2017-05-14 10:57:54+00:00,ASCENDING,55,16577,VV+VH,4569.3,11.0
S1A_IW_SLC__1SDV_20170514T105819_20170514T105846_016577_01B7E7_18AE,Sentinel-1A,2017-05-14 10:58:19+00:00,ASCENDING,55,16577,VV+VH,4597.2,0.0
S1A_IW_SLC__1SDV_20170526T105755_20170526T105822_016752_01BD46_74DE,Sentinel-1A,2017-05-26 10:57:55+00:00,ASCENDING,55,16752,VV+VH,4581.8,11.0
S1A_IW_SLC__1SDV_20170526T105819_20170526T105846_016752_01BD46_BA73,Sentinel-1A,2017-05-26 10:58:19+00:00,ASCENDING,55,16752,VV+VH,4608.2,0.0
S1A_IW_SLC__1SDV_20170607T105756_20170607T105823_016927_01C2B6_1816,Sentinel-1A,2017-06-07 10:57:56+00:00,ASCENDING,55,16927,VV+VH,4636.4,11.0
S1A_IW_SLC__1SDV_20170607T105820_20170607T105847_016927_01C2B6_0A47,Sentinel-1A,2017-06-07 10:58:20+00:00,ASCENDING,55,16927,VV+VH,4628.6,0.0
S1A_IW_SLC__1SDV_20170619T105756_20170619T105823_017102_01C81D_D165,Sentinel-1A,2017-06-19 10:57:56+00:00,ASCENDING,55,17102,VV+VH,4624.1,11.0
S1A_IW_SLC__1SDV_20170619T105821_20170619T105848_017102_01C81D_6A5D,Sentinel-1A,2017-06-19 10:58:21+00:00,ASCENDING,55,17102,VV+VH,4657.3,0.0
S1A_IW_SLC__1SDV_20170701T105757_20170701T105824_017277_01CD64_5201,Sentinel-1A,2017-07-01 10:57:57+00:00,ASCENDING,55,17277,VV+VH,4635.3,11.0
S1A_IW_SLC__1SDV_20170701T105822_20170701T105849_017277_01CD64_F0AF,Sentinel-1A,2017-07-01 10:58:22+00:00,ASCENDING,55,17277,VV+VH,4656.3,0.0
S1A_IW_SLC__1SDV_20170713T105757_20170713T105824_017452_01D2AC_FD6B,Sentinel-1A,2017-07-13 10:57:57+00:00,ASCENDING,55,17452,VV+VH,4810.0,11.0
S1A_IW_SLC__1SDV_20170713T105822_20170713T105849_017452_01D2AC_D652,Sentinel-1A,2017-07-13 10:58:22+00:00,ASCENDING,55,17452,VV+VH,4648.2,0.0
S1A_IW_SLC__1SDV_20170725T105757_20170725T105825_017627_01D807_B011,Sentinel-1A,2017-07-25 10:57:57+00:00,ASCENDING,55,17627,VV+VH,4792.8,11.0
S1A_IW_SLC__1SDV_20170725T105823_20170725T105850_017627_01D807_5F09,Sentinel-1A,2017-07-25 10:58:23+00:00,ASCENDING,55,17627,VV+VH,4631.0,0.0
S1A_IW_SLC__1SDV_20170806T105759_20170806T105826_017802_01DD5B_BD66,Sentinel-1A,2017-08-06 10:57:59+00:00,ASCENDING,55,17802,VV+VH,4620.1,11.0
S1A_IW_SLC__1SDV_20170806T105824_20170806T105851_017802_01DD5B_94FF,Sentinel-1A,2017-08-06 10:58:24+00:00,ASCENDING,55,17802,VV+VH,4637.8,0.0
S1A_IW_SLC__1SDV_20170818T105800_20170818T105826_017977_01E2A9_E210,Sentinel-1A,2017-08-18 10:58:00+00:00,ASCENDING,55,17977,VV+VH,4620.8,11.0
S1A_IW_SLC__1SDV_20170818T105824_20170818T105851_017977_01E2A9_43EE,Sentinel-1A,2017-08-18 10:58:24+00:00,ASCENDING,55,17977,VV+VH,4631.9,0.0
S1A_IW_SLC__1SDV_20170830T105800_20170830T105827_018152_01E7EE_7D0A,Sentinel-1A,2017-08-30 10:58:00+00:00,ASCENDING,55,18152,VV+VH,4619.4,11.0
S1A_IW_SLC__1SDV_20170830T105825_20170830T105852_018152_01E7EE_F175,Sentinel-1A,2017-08-30 10:58:25+00:00,ASCENDING,55,18152,VV+VH,4640.6,0.0
S1A_IW_SLC__1SDV_20170911T105801_20170911T105827_018327_01ED67_0578,Sentinel-1A,2017-09-11 10:58:01+00:00,ASCENDING,55,18327,VV+VH,4616.9,11.0
S1A_IW_SLC__1SDV_20170911T105825_20170911T105852_018327_01ED67_E800,Sentinel-1A,2017-09-11 10:58:25+00:00,ASCENDING,55,18327,VV+VH,4631.8,0.0
S1A_IW_SLC__1SDV_20170923T105801_20170923T105828_018502_01F2C3_DF5D,Sentinel-1A,2017-09-23 10:58:01+00:00,ASCENDING,55,18502,VV+VH,4613.9,11.0
S1A_IW_SLC__1SDV_20170923T105826_20170923T105853_018502_01F2C3_5E66,Sentinel-1A,2017-09-23 10:58:26+00:00,ASCENDING,55,18502,VV+VH,4635.9,0.0
S1A_IW_SLC__1SDV_20171005T105801_20171005T105828_018677_01F81B_CF6C,Sentinel-1A,2017-10-05 10:58:01+00:00,ASCENDING,55,18677,VV+VH,4632.7,11.0
S1A_IW_SLC__1SDV_20171005T105826_20171005T105853_018677_01F81B_B9B3,Sentinel-1A,2017-10-05 10:58:26+00:00,ASCENDING,55,18677,VV+VH,4631.4,0.0
S1A_IW_SLC__1SDV_20171029T105801_20171029T105828_019027_0202C6_7BF3,Sentinel-1A,2017-10-29 10:58:01+00:00,ASCENDING,55,19027,VV+VH,4586.7,23.0
S1A_IW_SLC__1SDV_20171029T105826_20171029T105853_019027_0202C6_EAC2,Sentinel-1A,2017-10-29 10:58:26+00:00,ASCENDING,55,19027,VV+VH,4603.0,0.0
S1A_IW_SLC__1SDV_20171110T105801_20171110T105828_019202_02082B_000A,Sentinel-1A,2017-11-10 10:58:01+00:00,ASCENDING,55,19202,VV+VH,4587.0,11.0
S1A_IW_SLC__1SDV_20171110T105826_20171110T105853_019202_02082B_22EC,Sentinel-1A,2017-11-10 10:58:26+00:00,ASCENDING,55,19202,VV+VH,4615.9,0.0
S1A_IW_SLC__1SDV_20171122T105801_20171122T105828_019377_020DB4_B25A,Sentinel-1A,2017-11-22 10:58:01+00:00,ASCENDING,55,19377,VV+VH,4578.1,11.0
S1A_IW_SLC__1SDV_20171122T105826_20171122T105853_019377_020DB4_EC79,Sentinel-1A,2017-11-22 10:58:26+00:00,ASCENDING,55,19377,VV+VH,4580.0,0.0
S1A_IW_SLC__1SDV_20171204T105800_20171204T105827_019552_02132C_F675,Sentinel-1A,2017-12-04 10:58:00+00:00,ASCENDING,55,19552,VV+VH,4566.3,11.0
S1A_IW_SLC__1SDV_20171204T105825_20171204T105852_019552_02132C_ED61,Sentinel-1A,2017-12-04 10:58:25+00:00,ASCENDING,55,19552,VV+VH,4580.4,0.0
S1A_IW_SLC__1SDV_20171216T105800_20171216T105827_019727_02189C_196D,Sentinel-1A,2017-12-16 10:58:00+00:00,ASCENDING,55,19727,VV+VH,4554.8,11.0
S1A_IW_SLC__1SDV_20171216T105825_20171216T105852_019727_02189C_807E,Sentinel-1A,2017-12-16 10:58:25+00:00,ASCENDING,55,19727,VV+VH,4554.0,0.0
S1A_IW_SLC__1SDV_20171228T105759_20171228T105826_019902_021E07_30DE,Sentinel-1A,2017-12-28 10:57:59+00:00,ASCENDING,55,19902,VV+VH,4610.9,11.0
S1A_IW_SLC__1SDV_20171228T105824_20171228T105851_019902_021E07_704A,Sentinel-1A,2017-12-28 10:58:24+00:00,ASCENDING,55,19902,VV+VH,4607.3,0.0
S1A_IW_SLC__1SDV_20180109T105758_20180109T105826_020077_02238E_4F9E,Sentinel-1A,2018-01-09 10:57:58+00:00,ASCENDING,55,20077,VV+VH,4734.9,11.0
S1A_IW_SLC__1SDV_20180109T105824_20180109T105851_020077_02238E_5606,Sentinel-1A,2018-01-09 10:58:24+00:00,ASCENDING,55,20077,VV+VH,4571.1,0.0
S1A_IW_SLC__1SDV_20180121T105758_20180121T105826_020252_02291A_BDCE,Sentinel-1A,2018-01-21 10:57:58+00:00,ASCENDING,55,20252,VV+VH,4752.2,11.0
S1A_IW_SLC__1SDV_20180121T105823_20180121T105850_020252_02291A_8F81,Sentinel-1A,2018-01-21 10:58:23+00:00,ASCENDING,55,20252,VV+VH,4586.3,0.0
S1A_IW_SLC__1SDV_20180202T105757_20180202T105825_020427_022EB0_B03D,Sentinel-1A,2018-02-02 10:57:57+00:00,ASCENDING,55,20427,VV+VH,4718.8,11.0
S1A_IW_SLC__1SDV_20180202T105823_20180202T105850_020427_022EB0_03C3,Sentinel-1A,2018-02-02 10:58:23+00:00,ASCENDING,55,20427,VV+VH,4547.3,0.0
S1A_IW_SLC__1SDV_20180214T105757_20180214T105825_020602_02344C_8978,Sentinel-1A,2018-02-14 10:57:57+00:00,ASCENDING,55,20602,VV+VH,4733.4,11.0
S1A_IW_SLC__1SDV_20180214T105823_20180214T105850_020602_02344C_F229,Sentinel-1A,2018-02-14 10:58:23+00:00,ASCENDING,55,20602,VV+VH,4590.6,0.0
S1A_IW_SLC__1SDV_20180226T105757_20180226T105825_020777_0239E2_8123,Sentinel-1A,2018-02-26 10:57:57+00:00,ASCENDING,55,20777,VV+VH,4726.5,11.0
S1A_IW_SLC__1SDV_20180226T105823_20180226T105850_020777_0239E2_D115,Sentinel-1A,2018-02-26 10:58:23+00:00,ASCENDING,55,20777,VV+VH,4570.4,0.0
S1A_IW_SLC__1SDV_20180310T105758_20180310T105825_020952_023F62_B73B,Sentinel-1A,2018-03-10 10:57:58+00:00,ASCENDING,55,20952,VV+VH,4532.3,11.0
S1A_IW_SLC__1SDV_20180310T105823_20180310T105850_020952_023F62_2554,Sentinel-1A,2018-03-10 10:58:23+00:00,ASCENDING,55,20952,VV+VH,4570.9,0.0
S1A_IW_SLC__1SDV_20180322T105758_20180322T105825_021127_0244EC_F691,Sentinel-1A,2018-03-22 10:57:58+00:00,ASCENDING,55,21127,VV+VH,4545.7,11.0
S1A_IW_SLC__1SDV_20180322T105823_20180322T105850_021127_0244EC_081C,Sentinel-1A,2018-03-22 10:58:23+00:00,ASCENDING,55,21127,VV+VH,4578.7,0.0
S1A_IW_SLC__1SDV_20180403T105758_20180403T105825_021302_024A78_26DC,Sentinel-1A,2018-04-03 10:57:58+00:00,ASCENDING,55,21302,VV+VH,4555.9,11.0
S1A_IW_SLC__1SDV_20180403T105823_20180403T105850_021302_024A78_DF34,Sentinel-1A,2018-04-03 10:58:23+00:00,ASCENDING,55,21302,VV+VH,4596.0,0.0
S1A_IW_SLC__1SDV_20180415T105759_20180415T105826_021477_024FEB_1F09,Sentinel-1A,2018-04-15 10:57:59+00:00,ASCENDING,55,21477,VV+VH,4577.0,11.0
S1A_IW_SLC__1SDV_20180415T105824_20180415T105851_021477_024FEB_AA5C,Sentinel-1A,2018-04-15 10:58:24+00:00,ASCENDING,55,21477,VV+VH,4575.5,0.0
S1A_IW_SLC__1SDV_20180427T105800_20180427T105827_021652_025562_6E33,Sentinel-1A,2018-04-27 10:58:00+00:00,ASCENDING,55,21652,VV+VH,4575.9,11.0
S1A_IW_SLC__1SDV_20180427T105824_20180427T105851_021652_025562_3D39,Sentinel-1A,2018-04-27 10:58:24+00:00,ASCENDING,55,21652,VV+VH,4591.0,0.0
S1A_IW_SLC__1SDV_20180509T105800_20180509T105827_021827_025AF1_0ED3,Sentinel-1A,2018-05-09 10:58:00+00:00,ASCENDING,55,21827,VV+VH,4607.6,11.0
S1A_IW_SLC__1SDV_20180509T105825_20180509T105852_021827_025AF1_18F6,Sentinel-1A,2018-05-09 10:58:25+00:00,ASCENDING,55,21827,VV+VH,4642.4,0.0
S1A_IW_SLC__1SDV_20180521T105801_20180521T105828_022002_026085_C143,Sentinel-1A,2018-05-21 10:58:01+00:00,ASCENDING,55,22002,VV+VH,4593.0,11.0
S1A_IW_SLC__1SDV_20180521T105826_20180521T105853_022002_026085_AD36,Sentinel-1A,2018-05-21 10:58:26+00:00,ASCENDING,55,22002,VV+VH,4614.7,0.0
S1A_IW_SLC__1SDV_20180602T105801_20180602T105828_022177_026616_74FC,Sentinel-1A,2018-06-02 10:58:01+00:00,ASCENDING,55,22177,VV+VH,4675.4,11.0
S1A_IW_SLC__1SDV_20180602T105826_20180602T105853_022177_026616_7AAD,Sentinel-1A,2018-06-02 10:58:26+00:00,ASCENDING,55,22177,VV+VH,4689.2,0.0
S1A_IW_SLC__1SDV_20180614T105802_20180614T105829_022352_026B88_A359,Sentinel-1A,2018-06-14 10:58:02+00:00,ASCENDING,55,22352,VV+VH,4612.8,11.0
S1A_IW_SLC__1SDV_20180614T105827_20180614T105854_022352_026B88_0FA3,Sentinel-1A,2018-06-14 10:58:27+00:00,ASCENDING,55,22352,VV+VH,4628.1,0.0
S1A_IW_SLC__1SDV_20180626T105803_20180626T105830_022527_0270AD_63A4,Sentinel-1A,2018-06-26 10:58:03+00:00,ASCENDING,55,22527,VV+VH,4641.6,11.0
S1A_IW_SLC__1SDV_20180626T105828_20180626T105855_022527_0270AD_D256,Sentinel-1A,2018-06-26 10:58:28+00:00,ASCENDING,55,22527,VV+VH,4650.2,0.0
S1A_IW_SLC__1SDV_20180708T105804_20180708T105830_022702_0275C9_6034,Sentinel-1A,2018-07-08 10:58:04+00:00,ASCENDING,55,22702,VV+VH,4609.0,11.0
S1A_IW_SLC__1SDV_20180708T105828_20180708T105855_022702_0275C9_DA8A,Sentinel-1A,2018-07-08 10:58:28+00:00,ASCENDING,55,22702,VV+VH,4639.6,0.0
S1A_IW_SLC__1SDV_20180720T105804_20180720T105831_022877_027B24_DB07,Sentinel-1A,2018-07-20 10:58:04+00:00,ASCENDING,55,22877,VV+VH,4647.4,11.0
S1A_IW_SLC__1SDV_20180720T105829_20180720T105856_022877_027B24_55CF,Sentinel-1A,2018-07-20 10:58:29+00:00,ASCENDING,55,22877,VV+VH,4640.5,0.0
S1A_IW_SLC__1SDV_20180801T105804_20180801T105832_023052_0280AE_278A,Sentinel-1A,2018-08-01 10:58:04+00:00,ASCENDING,55,23052,VV+VH,4797.8,11.0
S1A_IW_SLC__1SDV_20180801T105830_20180801T105857_023052_0280AE_BA90,Sentinel-1A,2018-08-01 10:58:30+00:00,ASCENDING,55,23052,VV+VH,4630.7,0.0
S1B_IW_SLC__1SDV_20180819T105745_20180819T105817_012331_016BA4_D6FF,Sentinel-1B,2018-08-19 10:57:45+00:00,ASCENDING,55,12331,VV+VH,5446.1,17.0
S1A_IW_SLC__1SDV_20180825T105806_20180825T105833_023402_028BE6_D334,Sentinel-1A,2018-08-25 10:58:06+00:00,ASCENDING,55,23402,VV+VH,4617.7,6.0
S1A_IW_SLC__1SDV_20180825T105831_20180825T105858_023402_028BE6_3C70,Sentinel-1A,2018-08-25 10:58:31+00:00,ASCENDING,55,23402,VV+VH,4629.3,0.0
S1A_IW_SLC__1SDV_20180906T105807_20180906T105834_023577_02917A_B594,Sentinel-1A,2018-09-06 10:58:07+00:00,ASCENDING,55,23577,VV+VH,4613.3,11.0
S1A_IW_SLC__1SDV_20180906T105832_20180906T105859_023577_02917A_CD9E,Sentinel-1A,2018-09-06 10:58:32+00:00,ASCENDING,55,23577,VV+VH,4634.0,0.0
S1A_IW_SLC__1SDV_20180918T105806_20180918T105834_023752_029716_196E,Sentinel-1A,2018-09-18 10:58:06+00:00,ASCENDING,55,23752,VV+VH,4837.5,11.0
S1A_IW_SLC__1SDV_20180918T105832_20180918T105859_023752_029716_CE59,Sentinel-1A,2018-09-18 10:58:32+00:00,ASCENDING,55,23752,VV+VH,4662.8,0.0
S1A_IW_SLC__1SDV_20180930T105808_20180930T105835_023927_029CC5_5E8A,Sentinel-1A,2018-09-30 10:58:08+00:00,ASCENDING,55,23927,VV+VH,4589.5,11.0
S1A_IW_SLC__1SDV_20180930T105832_20180930T105859_023927_029CC5_6621,Sentinel-1A,2018-09-30 10:58:32+00:00,ASCENDING,55,23927,VV+VH,4609.1,0.0
S1A_IW_SLC__1SDV_20181012T105808_20181012T105835_024102_02A287_4055,Sentinel-1A,2018-10-12 10:58:08+00:00,ASCENDING,55,24102,VV+VH,4580.3,11.0
S1A_IW_SLC__1SDV_20181012T105833_20181012T105900_024102_02A287_F8BD,Sentinel-1A,2018-10-12 10:58:33+00:00,ASCENDING,55,24102,VV+VH,4597.4,0.0
S1A_IW_SLC__1SDV_20181024T105808_20181024T105835_024277_02A830_A5D5,Sentinel-1A,2018-10-24 10:58:08+00:00,ASCENDING,55,24277,VV+VH,4618.0,11.0
S1A_IW_SLC__1SDV_20181024T105833_20181024T105900_024277_02A830_51CC,Sentinel-1A,2018-10-24 10:58:33+00:00,ASCENDING,55,24277,VV+VH,4654.1,0.0
S1A_IW_SLC__1SDV_20181105T105808_20181105T105835_024452_02AE1F_D713,Sentinel-1A,2018-11-05 10:58:08+00:00,ASCENDING,55,24452,VV+VH,4582.0,11.0
S1A_IW_SLC__1SDV_20181105T105833_20181105T105900_024452_02AE1F_1BEA,Sentinel-1A,2018-11-05 10:58:33+00:00,ASCENDING,55,24452,VV+VH,4601.1,0.0
S1A_IW_SLC__1SDV_20181129T105807_20181129T105834_024802_02BAE7_9EF7,Sentinel-1A,2018-11-29 10:58:07+00:00,ASCENDING,55,24802,VV+VH,4576.1,23.0
S1A_IW_SLC__1SDV_20181129T105832_20181129T105859_024802_02BAE7_720A,Sentinel-1A,2018-11-29 10:58:32+00:00,ASCENDING,55,24802,VV+VH,4590.4,0.0
S1A_IW_SLC__1SDV_20181211T105807_20181211T105834_024977_02C0DE_D6F1,Sentinel-1A,2018-12-11 10:58:07+00:00,ASCENDING,55,24977,VV+VH,4595.6,11.0
S1A_IW_SLC__1SDV_20181211T105831_20181211T105858_024977_02C0DE_83C8,Sentinel-1A,2018-12-11 10:58:31+00:00,ASCENDING,55,24977,VV+VH,4560.1,0.0
S1A_IW_SLC__1SDV_20181223T105806_20181223T105833_025152_02C72A_0DED,Sentinel-1A,2018-12-23 10:58:06+00:00,ASCENDING,55,25152,VV+VH,4586.5,11.0
S1A_IW_SLC__1SDV_20181223T105831_20181223T105858_025152_02C72A_728B,Sentinel-1A,2018-12-23 10:58:31+00:00,ASCENDING,55,25152,VV+VH,4583.8,0.0
S1A_IW_SLC__1SDV_20190104T105805_20190104T105833_025327_02CD7B_3E8C,Sentinel-1A,2019-01-04 10:58:05+00:00,ASCENDING,55,25327,VV+VH,4766.7,11.0
S1A_IW_SLC__1SDV_20190104T105831_20190104T105858_025327_02CD7B_F353,Sentinel-1A,2019-01-04 10:58:31+00:00,ASCENDING,55,25327,VV+VH,4614.3,0.0
S1A_IW_SLC__1SDV_20190116T105805_20190116T105832_025502_02D3CC_D364,Sentinel-1A,2019-01-16 10:58:05+00:00,ASCENDING,55,25502,VV+VH,4763.8,11.0
S1A_IW_SLC__1SDV_20190116T105830_20190116T105857_025502_02D3CC_C58E,Sentinel-1A,2019-01-16 10:58:30+00:00,ASCENDING,55,25502,VV+VH,4593.6,0.0
S1A_IW_SLC__1SDV_20190128T105805_20190128T105832_025677_02DA30_A11A,Sentinel-1A,2019-01-28 10:58:05+00:00,ASCENDING,55,25677,VV+VH,4576.8,11.0
S1A_IW_SLC__1SDV_20190128T105830_20190128T105857_025677_02DA30_487E,Sentinel-1A,2019-01-28 10:58:30+00:00,ASCENDING,55,25677,VV+VH,4597.3,0.0
S1A_IW_SLC__1SDV_20190209T105805_20190209T105831_025852_02E07D_1366,Sentinel-1A,2019-02-09 10:58:05+00:00,ASCENDING,55,25852,VV+VH,4568.9,11.0
S1A_IW_SLC__1SDV_20190209T105829_20190209T105856_025852_02E07D_1898,Sentinel-1A,2019-02-09 10:58:29+00:00,ASCENDING,55,25852,VV+VH,4580.8,0.0
S1A_IW_SLC__1SDV_20190221T105804_20190221T105831_026027_02E6AE_F7EE,Sentinel-1A,2019-02-21 10:58:04+00:00,ASCENDING,55,26027,VV+VH,4748.5,11.0
S1A_IW_SLC__1SDV_20190221T105829_20190221T105856_026027_02E6AE_BF47,Sentinel-1A,2019-02-21 10:58:29+00:00,ASCENDING,55,26027,VV+VH,4573.9,0.0
S1A_IW_SLC__1SDV_20190305T105805_20190305T105832_026202_02ECF9_149C,Sentinel-1A,2019-03-05 10:58:05+00:00,ASCENDING,55,26202,VV+VH,4590.5,11.0
S1A_IW_SLC__1SDV_20190305T105829_20190305T105856_026202_02ECF9_016A,Sentinel-1A,2019-03-05 10:58:29+00:00,ASCENDING,55,26202,VV+VH,4606.7,0.0
S1A_IW_SLC__1SDV_20190317T105805_20190317T105832_026377_02F36B_C92A,Sentinel-1A,2019-03-17 10:58:05+00:00,ASCENDING,55,26377,VV+VH,4616.3,11.0
S1A_IW_SLC__1SDV_20190317T105829_20190317T105856_026377_02F36B_834C,Sentinel-1A,2019-03-17 10:58:29+00:00,ASCENDING,55,26377,VV+VH,4614.4,0.0
S1A_IW_SLC__1SDV_20190329T105805_20190329T105832_026552_02F9D7_E371,Sentinel-1A,2019-03-29 10:58:05+00:00,ASCENDING,55,26552,VV+VH,4575.8,11.0
S1A_IW_SLC__1SDV_20190329T105830_20190329T105857_026552_02F9D7_BE53,Sentinel-1A,2019-03-29 10:58:30+00:00,ASCENDING,55,26552,VV+VH,4592.1,0.0
S1A_IW_SLC__1SDV_20190410T105805_20190410T105832_026727_030049_31A8,Sentinel-1A,2019-04-10 10:58:05+00:00,ASCENDING,55,26727,VV+VH,4582.8,11.0
S1A_IW_SLC__1SDV_20190410T105830_20190410T105857_026727_030049_92F2,Sentinel-1A,2019-04-10 10:58:30+00:00,ASCENDING,55,26727,VV+VH,4606.1,0.0
S1A_IW_SLC__1SDV_20190422T105806_20190422T105833_026902_030695_B4D4,Sentinel-1A,2019-04-22 10:58:06+00:00,ASCENDING,55,26902,VV+VH,4585.9,11.0
S1A_IW_SLC__1SDV_20190422T105831_20190422T105857_026902_030695_B2D4,Sentinel-1A,2019-04-22 10:58:31+00:00,ASCENDING,55,26902,VV+VH,4607.1,0.0
S1A_IW_SLC__1SDV_20190504T105806_20190504T105833_027077_030CF7_FAFA,Sentinel-1A,2019-05-04 10:58:06+00:00,ASCENDING,55,27077,VV+VH,4616.8,11.0
S1A_IW_SLC__1SDV_20190504T105831_20190504T105858_027077_030CF7_BA08,Sentinel-1A,2019-05-04 10:58:31+00:00,ASCENDING,55,27077,VV+VH,4636.5,0.0
S1A_IW_SLC__1SDV_20190516T105807_20190516T105834_027252_03129B_CCC6,Sentinel-1A,2019-05-16 10:58:07+00:00,ASCENDING,55,27252,VV+VH,4592.3,11.0
S1A_IW_SLC__1SDV_20190516T105831_20190516T105858_027252_03129B_BFD9,Sentinel-1A,2019-05-16 10:58:31+00:00,ASCENDING,55,27252,VV+VH,4611.6,0.0
S1A_IW_SLC__1SDV_20190528T105807_20190528T105834_027427_031811_DB8C,Sentinel-1A,2019-05-28 10:58:07+00:00,ASCENDING,55,27427,VV+VH,4633.5,11.0
S1A_IW_SLC__1SDV_20190528T105832_20190528T105859_027427_031811_3BB0,Sentinel-1A,2019-05-28 10:58:32+00:00,ASCENDING,55,27427,VV+VH,4657.4,0.0
S1A_IW_SLC__1SDV_20190609T105808_20190609T105835_027602_031D76_E4E5,Sentinel-1A,2019-06-09 10:58:08+00:00,ASCENDING,55,27602,VV+VH,4603.9,11.0
S1A_IW_SLC__1SDV_20190609T105833_20190609T105900_027602_031D76_E8D6,Sentinel-1A,2019-06-09 10:58:33+00:00,ASCENDING,55,27602,VV+VH,4618.3,0.0
S1A_IW_SLC__1SDV_20190621T105809_20190621T105835_027777_0322AD_02CA,Sentinel-1A,2019-06-21 10:58:09+00:00,ASCENDING,55,27777,VV+VH,4608.9,11.0
S1A_IW_SLC__1SDV_20190621T105833_20190621T105900_027777_0322AD_21DB,Sentinel-1A,2019-06-21 10:58:33+00:00,ASCENDING,55,27777,VV+VH,4628.4,0.0
S1A_IW_SLC__1SDV_20190703T105809_20190703T105836_027952_0327F3_35C6,Sentinel-1A,2019-07-03 10:58:09+00:00,ASCENDING,55,27952,VV+VH,4645.5,11.0
S1A_IW_SLC__1SDV_20190703T105834_20190703T105901_027952_0327F3_D1FD,Sentinel-1A,2019-07-03 10:58:34+00:00,ASCENDING,55,27952,VV+VH,4635.4,0.0
S1A_IW_SLC__1SDV_20190715T105810_20190715T105837_028127_032D3F_CEED,Sentinel-1A,2019-07-15 10:58:10+00:00,ASCENDING,55,28127,VV+VH,4626.1,11.0
S1A_IW_SLC__1SDV_20190715T105835_20190715T105902_028127_032D3F_ACD6,Sentinel-1A,2019-07-15 10:58:35+00:00,ASCENDING,55,28127,VV+VH,4647.0,0.0
S1A_IW_SLC__1SDV_20190727T105811_20190727T105838_028302_033296_35AB,Sentinel-1A,2019-07-27 10:58:11+00:00,ASCENDING,55,28302,VV+VH,4600.2,11.0
S1A_IW_SLC__1SDV_20190727T105836_20190727T105903_028302_033296_E482,Sentinel-1A,2019-07-27 10:58:36+00:00,ASCENDING,55,28302,VV+VH,4626.6,0.0
S1A_IW_SLC__1SDV_20190808T105812_20190808T105839_028477_0337F5_BE89,Sentinel-1A,2019-08-08 10:58:12+00:00,ASCENDING,55,28477,VV+VH,4613.0,11.0
S1A_IW_SLC__1SDV_20190808T105837_20190808T105904_028477_0337F5_709E,Sentinel-1A,2019-08-08 10:58:37+00:00,ASCENDING,55,28477,VV+VH,4621.5,0.0
S1A_IW_SLC__1SDV_20190820T105812_20190820T105839_028652_033E05_C29D,Sentinel-1A,2019-08-20 10:58:12+00:00,ASCENDING,55,28652,VV+VH,4606.4,11.0
S1A_IW_SLC__1SDV_20190820T105837_20190820T105904_028652_033E05_ABC4,Sentinel-1A,2019-08-20 10:58:37+00:00,ASCENDING,55,28652,VV+VH,4620.4,0.0
S1A_IW_SLC__1SDV_20190901T105813_20190901T105840_028827_034420_3C80,Sentinel-1A,2019-09-01 10:58:13+00:00,ASCENDING,55,28827,VV+VH,4624.6,11.0
S1A_IW_SLC__1SDV_20190901T105838_20190901T105905_028827_034420_FF60,Sentinel-1A,2019-09-01 10:58:38+00:00,ASCENDING,55,28827,VV+VH,4616.3,0.0
S1A_IW_SLC__1SDV_20190913T105813_20190913T105840_029002_034A32_D39A,Sentinel-1A,2019-09-13 10:58:13+00:00,ASCENDING,55,29002,VV+VH,4594.6,11.0
S1A_IW_SLC__1SDV_20190913T105838_20190913T105905_029002_034A32_C7BB,Sentinel-1A,2019-09-13 10:58:38+00:00,ASCENDING,55,29002,VV+VH,4617.7,0.0
S1A_IW_SLC__1SDV_20190925T105814_20190925T105841_029177_035025_3C27,Sentinel-1A,2019-09-25 10:58:14+00:00,ASCENDING,55,29177,VV+VH,4566.6,11.0
S1A_IW_SLC__1SDV_20190925T105839_20190925T105906_029177_035025_02BE,Sentinel-1A,2019-09-25 10:58:39+00:00,ASCENDING,55,29177,VV+VH,4591.2,0.0
S1A_IW_SLC__1SDV_20191007T105814_20191007T105841_029352_035636_8FD4,Sentinel-1A,2019-10-07 10:58:14+00:00,ASCENDING,55,29352,VV+VH,4596.3,11.0
S1A_IW_SLC__1SDV_20191007T105839_20191007T105906_029352_035636_7B31,Sentinel-1A,2019-10-07 10:58:39+00:00,ASCENDING,55,29352,VV+VH,4612.5,0.0
S1A_IW_SLC__1SDV_20191019T105814_20191019T105841_029527_035C3B_5187,Sentinel-1A,2019-10-19 10:58:14+00:00,ASCENDING,55,29527,VV+VH,4567.5,11.0
S1A_IW_SLC__1SDV_20191019T105839_20191019T105906_029527_035C3B_BA4E,Sentinel-1A,2019-10-19 10:58:39+00:00,ASCENDING,55,29527,VV+VH,4593.1,0.0
S1A_IW_SLC__1SDV_20191031T105814_20191031T105841_029702_036252_953A,Sentinel-1A,2019-10-31 10:58:14+00:00,ASCENDING,55,29702,VV+VH,4568.3,11.0
S1A_IW_SLC__1SDV_20191031T105839_20191031T105906_029702_036252_B4FD,Sentinel-1A,2019-10-31 10:58:39+00:00,ASCENDING,55,29702,VV+VH,4594.7,0.0
S1A_IW_SLC__1SDV_20191112T105814_20191112T105841_029877_036872_2D9C,Sentinel-1A,2019-11-12 10:58:14+00:00,ASCENDING,55,29877,VV+VH,4586.8,11.0
S1A_IW_SLC__1SDV_20191112T105839_20191112T105906_029877_036872_D17E,Sentinel-1A,2019-11-12 10:58:39+00:00,ASCENDING,55,29877,VV+VH,4591.4,0.0
S1A_IW_SLC__1SDV_20191124T105814_20191124T105841_030052_036E82_C49E,Sentinel-1A,2019-11-24 10:58:14+00:00,ASCENDING,55,30052,VV+VH,4552.6,11.0
S1A_IW_SLC__1SDV_20191124T105839_20191124T105906_030052_036E82_9918,Sentinel-1A,2019-11-24 10:58:39+00:00,ASCENDING,55,30052,VV+VH,4580.5,0.0
S1A_IW_SLC__1SDV_20191206T105812_20191206T105840_030227_037491_2E87,Sentinel-1A,2019-12-06 10:58:12+00:00,ASCENDING,55,30227,VV+VH,4677.0,11.0
S1A_IW_SLC__1SDV_20191206T105838_20191206T105905_030227_037491_D80E,Sentinel-1A,2019-12-06 10:58:38+00:00,ASCENDING,55,30227,VV+VH,4533.2,0.0
S1A_IW_SLC__1SDV_20191218T105813_20191218T105840_030402_037A9F_8D79,Sentinel-1A,2019-12-18 10:58:13+00:00,ASCENDING,55,30402,VV+VH,4539.7,11.0
S1A_IW_SLC__1SDV_20191218T105838_20191218T105905_030402_037A9F_D63F,Sentinel-1A,2019-12-18 10:58:38+00:00,ASCENDING,55,30402,VV+VH,4568.0,0.0
S1A_IW_SLC__1SDV_20191230T105812_20191230T105839_030577_0380A2_F1B4,Sentinel-1A,2019-12-30 10:58:12+00:00,ASCENDING,55,30577,VV+VH,4528.3,11.0
S1A_IW_SLC__1SDV_20191230T105837_20191230T105904_030577_0380A2_81AE,Sentinel-1A,2019-12-30 10:58:37+00:00,ASCENDING,55,30577,VV+VH,4556.7,0.0
S1A_IW_SLC__1SDV_20200111T105812_20200111T105839_030752_0386B0_3A91,Sentinel-1A,2020-01-11 10:58:12+00:00,ASCENDING,55,30752,VV+VH,4536.5,11.0
S1A_IW_SLC__1SDV_20200111T105837_20200111T105904_030752_0386B0_D5AA,Sentinel-1A,2020-01-11 10:58:37+00:00,ASCENDING,55,30752,VV+VH,4544.3,0.0
S1A_IW_SLC__1SDV_20200123T105812_20200123T105838_030927_038CD4_D9FF,Sentinel-1A,2020-01-23 10:58:12+00:00,ASCENDING,55,30927,VV+VH,4556.6,11.0
S1A_IW_SLC__1SDV_20200123T105836_20200123T105903_030927_038CD4_9F3A,Sentinel-1A,2020-01-23 10:58:36+00:00,ASCENDING,55,30927,VV+VH,4586.0,0.0
S1A_IW_SLC__1SDV_20200204T105811_20200204T105838_031102_0392FA_C6FC,Sentinel-1A,2020-02-04 10:58:11+00:00,ASCENDING,55,31102,VV+VH,4577.4,11.0
S1A_IW_SLC__1SDV_20200204T105836_20200204T105903_031102_0392FA_EB2F,Sentinel-1A,2020-02-04 10:58:36+00:00,ASCENDING,55,31102,VV+VH,4574.7,0.0
S1A_IW_SLC__1SDV_20200216T105810_20200216T105838_031277_039906_8FC1,Sentinel-1A,2020-02-16 10:58:10+00:00,ASCENDING,55,31277,VV+VH,4727.5,11.0
S1A_IW_SLC__1SDV_20200216T105836_20200216T105903_031277_039906_3E43,Sentinel-1A,2020-02-16 10:58:36+00:00,ASCENDING,55,31277,VV+VH,4558.4,0.0
S1A_IW_SLC__1SDV_20200228T105811_20200228T105838_031452_039F05_9511,Sentinel-1A,2020-02-28 10:58:11+00:00,ASCENDING,55,31452,VV+VH,4544.4,11.0
S1A_IW_SLC__1SDV_20200228T105835_20200228T105902_031452_039F05_E6BD,Sentinel-1A,2020-02-28 10:58:35+00:00,ASCENDING,55,31452,VV+VH,4579.1,0.0
S1A_IW_SLC__1SDV_20200311T105811_20200311T105838_031627_03A51C_3E5C,Sentinel-1A,2020-03-11 10:58:11+00:00,ASCENDING,55,31627,VV+VH,4539.6,11.0
S1A_IW_SLC__1SDV_20200311T105836_20200311T105903_031627_03A51C_20E7,Sentinel-1A,2020-03-11 10:58:36+00:00,ASCENDING,55,31627,VV+VH,4569.0,0.0
S1A_IW_SLC__1SDV_20200323T105811_20200323T105838_031802_03AB48_CF18,Sentinel-1A,2020-03-23 10:58:11+00:00,ASCENDING,55,31802,VV+VH,4579.3,11.0
S1A_IW_SLC__1SDV_20200323T105836_20200323T105903_031802_03AB48_3991,Sentinel-1A,2020-03-23 10:58:36+00:00,ASCENDING,55,31802,VV+VH,4599.1,0.0
S1A_IW_SLC__1SDV_20200404T105811_20200404T105838_031977_03B170_D043,Sentinel-1A,2020-04-04 10:58:11+00:00,ASCENDING,55,31977,VV+VH,4602.6,11.0
S1A_IW_SLC__1SDV_20200404T105836_20200404T105903_031977_03B170_380B,Sentinel-1A,2020-04-04 10:58:36+00:00,ASCENDING,55,31977,VV+VH,4621.7,0.0
S1A_IW_SLC__1SDV_20200416T105812_20200416T105839_032152_03B795_DD4A,Sentinel-1A,2020-04-16 10:58:12+00:00,ASCENDING,55,32152,VV+VH,4581.0,11.0
S1A_IW_SLC__1SDV_20200416T105837_20200416T105903_032152_03B795_863F,Sentinel-1A,2020-04-16 10:58:37+00:00,ASCENDING,55,32152,VV+VH,4596.8,0.0
S1A_IW_SLC__1SDV_20200428T105812_20200428T105839_032327_03BDBA_D746,Sentinel-1A,2020-04-28 10:58:12+00:00,ASCENDING,55,32327,VV+VH,4569.7,11.0
S1A_IW_SLC__1SDV_20200428T105837_20200428T105904_032327_03BDBA_7EFF,Sentinel-1A,2020-04-28 10:58:37+00:00,ASCENDING,55,32327,VV+VH,4591.4,0.0
S1A_IW_SLC__1SDV_20200510T105813_20200510T105840_032502_03C39C_883E,Sentinel-1A,2020-05-10 10:58:13+00:00,ASCENDING,55,32502,VV+VH,4584.5,11.0
S1A_IW_SLC__1SDV_20200510T105838_20200510T105905_032502_03C39C_504E,Sentinel-1A,2020-05-10 10:58:38+00:00,ASCENDING,55,32502,VV+VH,4607.2,0.0
S1A_IW_SLC__1SDV_20200522T105814_20200522T105840_032677_03C8E9_04FC,Sentinel-1A,2020-05-22 10:58:14+00:00,ASCENDING,55,32677,VV+VH,4606.9,11.0
S1A_IW_SLC__1SDV_20200522T105838_20200522T105905_032677_03C8E9_99FC,Sentinel-1A,2020-05-22 10:58:38+00:00,ASCENDING,55,32677,VV+VH,4623.1,0.0
S1A_IW_SLC__1SDV_20200603T105814_20200603T105841_032852_03CE23_E38C,Sentinel-1A,2020-06-03 10:58:14+00:00,ASCENDING,55,32852,VV+VH,4599.8,11.0
S1A_IW_SLC__1SDV_20200603T105839_20200603T105906_032852_03CE23_42BC,Sentinel-1A,2020-06-03 10:58:39+00:00,ASCENDING,55,32852,VV+VH,4612.5,0.0
S1A_IW_SLC__1SDV_20200615T105815_20200615T105842_033027_03D35B_AA39,Sentinel-1A,2020-06-15 10:58:15+00:00,ASCENDING,55,33027,VV+VH,4614.5,11.0
S1A_IW_SLC__1SDV_20200615T105840_20200615T105907_033027_03D35B_1065,Sentinel-1A,2020-06-15 10:58:40+00:00,ASCENDING,55,33027,VV+VH,4624.5,0.0
S1A_IW_SLC__1SDV_20200627T105816_20200627T105843_033202_03D8AC_4FA5,Sentinel-1A,2020-06-27 10:58:16+00:00,ASCENDING,55,33202,VV+VH,4580.6,11.0
S1A_IW_SLC__1SDV_20200627T105840_20200627T105907_033202_03D8AC_8907,Sentinel-1A,2020-06-27 10:58:40+00:00,ASCENDING,55,33202,VV+VH,4608.4,0.0
S1A_IW_SLC__1SDV_20200709T105816_20200709T105843_033377_03DDFB_EDB1,Sentinel-1A,2020-07-09 10:58:16+00:00,ASCENDING,55,33377,VV+VH,4579.6,11.0
S1A_IW_SLC__1SDV_20200709T105841_20200709T105908_033377_03DDFB_9025,Sentinel-1A,2020-07-09 10:58:41+00:00,ASCENDING,55,33377,VV+VH,4599.5,0.0
S1A_IW_SLC__1SDV_20200721T105817_20200721T105844_033552_03E358_A624,Sentinel-1A,2020-07-21 10:58:17+00:00,ASCENDING,55,33552,VV+VH,4567.1,11.0
S1A_IW_SLC__1SDV_20200721T105842_20200721T105909_033552_03E358_9C1A,Sentinel-1A,2020-07-21 10:58:42+00:00,ASCENDING,55,33552,VV+VH,4613.7,0.0
S1A_IW_SLC__1SDV_20200802T105818_20200802T105845_033727_03E8B9_361A,Sentinel-1A,2020-08-02 10:58:18+00:00,ASCENDING,55,33727,VV+VH,4616.4,11.0
S1A_IW_SLC__1SDV_20200802T105843_20200802T105910_033727_03E8B9_9141,Sentinel-1A,2020-08-02 10:58:43+00:00,ASCENDING,55,33727,VV+VH,4636.4,0.0
S1A_IW_SLC__1SDV_20200814T105819_20200814T105845_033902_03EE9F_09E2,Sentinel-1A,2020-08-14 10:58:19+00:00,ASCENDING,55,33902,VV+VH,4587.6,11.0
S1A_IW_SLC__1SDV_20200814T105843_20200814T105910_033902_03EE9F_64AA,Sentinel-1A,2020-08-14 10:58:43+00:00,ASCENDING,55,33902,VV+VH,4613.4,0.0
S1A_IW_SLC__1SDV_20200826T105819_20200826T105846_034077_03F4D0_0644,Sentinel-1A,2020-08-26 10:58:19+00:00,ASCENDING,55,34077,VV+VH,4586.7,11.0
S1A_IW_SLC__1SDV_20200826T105844_20200826T105911_034077_03F4D0_6D06,Sentinel-1A,2020-08-26 10:58:44+00:00,ASCENDING,55,34077,VV+VH,4610.3,0.0
S1A_IW_SLC__1SDV_20200907T105820_20200907T105847_034252_03FAF7_5105,Sentinel-1A,2020-09-07 10:58:20+00:00,ASCENDING,55,34252,VV+VH,4591.8,11.0
S1A_IW_SLC__1SDV_20200907T105845_20200907T105912_034252_03FAF7_16B8,Sentinel-1A,2020-09-07 10:58:45+00:00,ASCENDING,55,34252,VV+VH,4617.9,0.0
S1A_IW_SLC__1SDV_20200919T105820_20200919T105847_034427_04012C_36AA,Sentinel-1A,2020-09-19 10:58:20+00:00,ASCENDING,55,34427,VV+VH,4630.5,11.0
S1A_IW_SLC__1SDV_20200919T105845_20200919T105912_034427_04012C_5328,Sentinel-1A,2020-09-19 10:58:45+00:00,ASCENDING,55,34427,VV+VH,4624.7,0.0
S1A_IW_SLC__1SDV_20201001T105820_20201001T105847_034602_04074E_C7AD,Sentinel-1A,2020-10-01 10:58:20+00:00,ASCENDING,55,34602,VV+VH,4594.1,11.0
S1A_IW_SLC__1SDV_20201001T105845_20201001T105912_034602_04074E_0648,Sentinel-1A,2020-10-01 10:58:45+00:00,ASCENDING,55,34602,VV+VH,4624.8,0.0
S1A_IW_SLC__1SDV_20201013T105821_20201013T105848_034777_040D6B_72A1,Sentinel-1A,2020-10-13 10:58:21+00:00,ASCENDING,55,34777,VV+VH,4581.7,11.0
S1A_IW_SLC__1SDV_20201013T105846_20201013T105913_034777_040D6B_8576,Sentinel-1A,2020-10-13 10:58:46+00:00,ASCENDING,55,34777,VV+VH,4607.7,0.0
S1A_IW_SLC__1SDV_20201025T105821_20201025T105848_034952_04137D_6AB7,Sentinel-1A,2020-10-25 10:58:21+00:00,ASCENDING,55,34952,VV+VH,4564.4,11.0
S1A_IW_SLC__1SDV_20201025T105845_20201025T105912_034952_04137D_373F,Sentinel-1A,2020-10-25 10:58:45+00:00,ASCENDING,55,34952,VV+VH,4593.5,0.0
S1A_IW_SLC__1SDV_20201106T105820_20201106T105847_035127_04197D_BE18,Sentinel-1A,2020-11-06 10:58:20+00:00,ASCENDING,55,35127,VV+VH,4565.5,11.0
S1A_IW_SLC__1SDV_20201106T105845_20201106T105912_035127_04197D_FBB1,Sentinel-1A,2020-11-06 10:58:45+00:00,ASCENDING,55,35127,VV+VH,4592.1,0.0
S1A_IW_SLC__1SDV_20201118T105820_20201118T105847_035302_041FA1_66CE,Sentinel-1A,2020-11-18 10:58:20+00:00,ASCENDING,55,35302,VV+VH,4577.9,11.0
S1A_IW_SLC__1SDV_20201118T105845_20201118T105912_035302_041FA1_05EB,Sentinel-1A,2020-11-18 10:58:45+00:00,ASCENDING,55,35302,VV+VH,4603.1,0.0
S1A_IW_SLC__1SDV_20201130T105820_20201130T105847_035477_0425A6_9F34,Sentinel-1A,2020-11-30 10:58:20+00:00,ASCENDING,55,35477,VV+VH,4526.1,11.0
S1A_IW_SLC__1SDV_20201130T105845_20201130T105912_035477_0425A6_F8D4,Sentinel-1A,2020-11-30 10:58:45+00:00,ASCENDING,55,35477,VV+VH,4545.0,0.0
S1A_IW_SLC__1SDV_20201212T105819_20201212T105846_035652_042BA9_86AA,Sentinel-1A,2020-12-12 10:58:19+00:00,ASCENDING,55,35652,VV+VH,4531.2,11.0
S1A_IW_SLC__1SDV_20201212T105844_20201212T105911_035652_042BA9_9A26,Sentinel-1A,2020-12-12 10:58:44+00:00,ASCENDING,55,35652,VV+VH,4560.4,0.0
S1A_IW_SLC__1SDV_20201224T105818_20201224T105846_035827_0431AD_D356,Sentinel-1A,2020-12-24 10:58:18+00:00,ASCENDING,55,35827,VV+VH,4504.1,11.0
S1A_IW_SLC__1SDV_20201224T105844_20201224T105911_035827_0431AD_5805,Sentinel-1A,2020-12-24 10:58:44+00:00,ASCENDING,55,35827,VV+VH,4353.2,0.0
S1A_IW_SLC__1SDV_20210105T105818_20210105T105845_036002_0437C1_919F,Sentinel-1A,2021-01-05 10:58:18+00:00,ASCENDING,55,36002,VV+VH,4315.7,11.0
S1A_IW_SLC__1SDV_20210105T105843_20210105T105910_036002_0437C1_9B8F,Sentinel-1A,2021-01-05 10:58:43+00:00,ASCENDING,55,36002,VV+VH,4342.9,0.0
S1A_IW_SLC__1SDV_20210117T105818_20210117T105845_036177_043DE3_23C5,Sentinel-1A,2021-01-17 10:58:18+00:00,ASCENDING,55,36177,VV+VH,4307.0,11.0
S1A_IW_SLC__1SDV_20210117T105842_20210117T105909_036177_043DE3_F4FD,Sentinel-1A,2021-01-17 10:58:42+00:00,ASCENDING,55,36177,VV+VH,4335.8,0.0
S1A_IW_SLC__1SDV_20210129T105817_20210129T105844_036352_044401_8192,Sentinel-1A,2021-01-29 10:58:17+00:00,ASCENDING,55,36352,VV+VH,4307.9,11.0
S1A_IW_SLC__1SDV_20210129T105842_20210129T105909_036352_044401_6236,Sentinel-1A,2021-01-29 10:58:42+00:00,ASCENDING,55,36352,VV+VH,4335.8,0.0
S1A_IW_SLC__1SDV_20210210T105817_20210210T105844_036527_044A16_DE94,Sentinel-1A,2021-02-10 10:58:17+00:00,ASCENDING,55,36527,VV+VH,4352.2,11.0
S1A_IW_SLC__1SDV_20210210T105842_20210210T105909_036527_044A16_2A7E,Sentinel-1A,2021-02-10 10:58:42+00:00,ASCENDING,55,36527,VV+VH,4382.0,0.0
S1A_IW_SLC__1SDV_20210222T105817_20210222T105844_036702_045031_4709,Sentinel-1A,2021-02-22 10:58:17+00:00,ASCENDING,55,36702,VV+VH,4333.9,11.0
S1A_IW_SLC__1SDV_20210222T105841_20210222T105908_036702_045031_34CF,Sentinel-1A,2021-02-22 10:58:41+00:00,ASCENDING,55,36702,VV+VH,4389.4,0.0
S1A_IW_SLC__1SDV_20210306T105817_20210306T105844_036877_045643_9033,Sentinel-1A,2021-03-06 10:58:17+00:00,ASCENDING,55,36877,VV+VH,4354.5,11.0
S1A_IW_SLC__1SDV_20210306T105841_20210306T105908_036877_045643_8469,Sentinel-1A,2021-03-06 10:58:41+00:00,ASCENDING,55,36877,VV+VH,4379.6,0.0
S1A_IW_SLC__1SDV_20210318T105817_20210318T105844_037052_045C5D_0765,Sentinel-1A,2021-03-18 10:58:17+00:00,ASCENDING,55,37052,VV+VH,4367.5,11.0
S1A_IW_SLC__1SDV_20210318T105841_20210318T105908_037052_045C5D_ECFB,Sentinel-1A,2021-03-18 10:58:41+00:00,ASCENDING,55,37052,VV+VH,4408.4,0.0
S1A_IW_SLC__1SDV_20210330T105817_20210330T105844_037227_04626B_9EC5,Sentinel-1A,2021-03-30 10:58:17+00:00,ASCENDING,55,37227,VV+VH,4363.3,11.0
S1A_IW_SLC__1SDV_20210330T105842_20210330T105909_037227_04626B_7E11,Sentinel-1A,2021-03-30 10:58:42+00:00,ASCENDING,55,37227,VV+VH,4400.2,0.0
S1A_IW_SLC__1SDV_20210411T105817_20210411T105844_037402_046875_2937,Sentinel-1A,2021-04-11 10:58:17+00:00,ASCENDING,55,37402,VV+VH,4392.0,11.0
S1A_IW_SLC__1SDV_20210411T105842_20210411T105909_037402_046875_E742,Sentinel-1A,2021-04-11 10:58:42+00:00,ASCENDING,55,37402,VV+VH,4431.7,0.0
S1A_IW_SLC__1SDV_20210423T105818_20210423T105845_037577_046E82_27AE,Sentinel-1A,2021-04-23 10:58:18+00:00,ASCENDING,55,37577,VV+VH,4367.9,11.0
S1A_IW_SLC__1SDV_20210423T105843_20210423T105910_037577_046E82_08FD,Sentinel-1A,2021-04-23 10:58:43+00:00,ASCENDING,55,37577,VV+VH,4400.9,0.0
S1A_IW_SLC__1SDV_20210517T105819_20210517T105846_037927_0479E3_C241,Sentinel-1A,2021-05-17 10:58:19+00:00,ASCENDING,55,37927,VV+VH,4372.5,23.0
S1A_IW_SLC__1SDV_20210517T105844_20210517T105911_037927_0479E3_C90E,Sentinel-1A,2021-05-17 10:58:44+00:00,ASCENDING,55,37927,VV+VH,4389.6,0.0
S1A_IW_SLC__1SDV_20210529T105820_20210529T105847_038102_047F2B_0716,Sentinel-1A,2021-05-29 10:58:20+00:00,ASCENDING,55,38102,VV+VH,4392.9,11.0
S1A_IW_SLC__1SDV_20210529T105845_20210529T105912_038102_047F2B_0A99,Sentinel-1A,2021-05-29 10:58:45+00:00,ASCENDING,55,38102,VV+VH,4402.2,0.0
S1A_IW_SLC__1SDV_20210610T105821_20210610T105847_038277_048454_17B5,Sentinel-1A,2021-06-10 10:58:21+00:00,ASCENDING,55,38277,VV+VH,4405.1,11.0
S1A_IW_SLC__1SDV_20210610T105845_20210610T105912_038277_048454_19DF,Sentinel-1A,2021-06-10 10:58:45+00:00,ASCENDING,55,38277,VV+VH,4439.1,0.0
S1A_IW_SLC__1SDV_20210622T105821_20210622T105848_038452_048991_C481,Sentinel-1A,2021-06-22 10:58:21+00:00,ASCENDING,55,38452,VV+VH,4385.6,11.0
S1A_IW_SLC__1SDV_20210622T105846_20210622T105913_038452_048991_39D8,Sentinel-1A,2021-06-22 10:58:46+00:00,ASCENDING,55,38452,VV+VH,4407.1,0.0
S1A_IW_SLC__1SDV_20210704T105822_20210704T105849_038627_048ED3_99A8,Sentinel-1A,2021-07-04 10:58:22+00:00,ASCENDING,55,38627,VV+VH,4380.9,11.0
S1A_IW_SLC__1SDV_20210704T105847_20210704T105914_038627_048ED3_8184,Sentinel-1A,2021-07-04 10:58:47+00:00,ASCENDING,55,38627,VV+VH,4423.0,0.0
S1A_IW_SLC__1SDV_20210716T105823_20210716T105850_038802_049413_D5E9,Sentinel-1A,2021-07-16 10:58:23+00:00,ASCENDING,55,38802,VV+VH,4386.0,11.0
S1A_IW_SLC__1SDV_20210716T105848_20210716T105914_038802_049413_3BE3,Sentinel-1A,2021-07-16 10:58:48+00:00,ASCENDING,55,38802,VV+VH,4421.5,0.0
S1A_IW_SLC__1SDV_20210728T105823_20210728T105850_038977_04994C_CF42,Sentinel-1A,2021-07-28 10:58:23+00:00,ASCENDING,55,38977,VV+VH,4416.7,11.0
S1A_IW_SLC__1SDV_20210728T105848_20210728T105915_038977_04994C_5B2D,Sentinel-1A,2021-07-28 10:58:48+00:00,ASCENDING,55,38977,VV+VH,4425.6,0.0
S1A_IW_SLC__1SDV_20210809T105824_20210809T105851_039152_049EEB_04B0,Sentinel-1A,2021-08-09 10:58:24+00:00,ASCENDING,55,39152,VV+VH,4433.1,11.0
S1A_IW_SLC__1SDV_20210809T105849_20210809T105916_039152_049EEB_5B42,Sentinel-1A,2021-08-09 10:58:49+00:00,ASCENDING,55,39152,VV+VH,4454.5,0.0
S1A_IW_SLC__1SDV_20210821T105825_20210821T105852_039327_04A4F5_6165,Sentinel-1A,2021-08-21 10:58:25+00:00,ASCENDING,55,39327,VV+VH,4384.3,11.0
S1A_IW_SLC__1SDV_20210821T105850_20210821T105916_039327_04A4F5_8031,Sentinel-1A,2021-08-21 10:58:50+00:00,ASCENDING,55,39327,VV+VH,4406.0,0.0
S1A_IW_SLC__1SDV_20210902T105825_20210902T105852_039502_04AAED_07E5,Sentinel-1A,2021-09-02 10:58:25+00:00,ASCENDING,55,39502,VV+VH,4398.1,11.0
S1A_IW_SLC__1SDV_20210902T105850_20210902T105917_039502_04AAED_CD3A,Sentinel-1A,2021-09-02 10:58:50+00:00,ASCENDING,55,39502,VV+VH,4420.4,0.0
S1A_IW_SLC__1SDV_20210914T105825_20210914T105853_039677_04B102_9046,Sentinel-1A,2021-09-14 10:58:25+00:00,ASCENDING,55,39677,VV+VH,4601.2,11.0
S1A_IW_SLC__1SDV_20210914T105851_20210914T105918_039677_04B102_C435,Sentinel-1A,2021-09-14 10:58:51+00:00,ASCENDING,55,39677,VV+VH,4432.0,0.0
S1A_IW_SLC__1SDV_20210926T105826_20210926T105853_039852_04B6E5_AD0F,Sentinel-1A,2021-09-26 10:58:26+00:00,ASCENDING,55,39852,VV+VH,4405.1,11.0
S1A_IW_SLC__1SDV_20210926T105851_20210926T105918_039852_04B6E5_B418,Sentinel-1A,2021-09-26 10:58:51+00:00,ASCENDING,55,39852,VV+VH,4412.7,0.0
S1A_IW_SLC__1SDV_20211008T105826_20211008T105853_040027_04BCF4_C0D5,Sentinel-1A,2021-10-08 10:58:26+00:00,ASCENDING,55,40027,VV+VH,4383.7,11.0
S1A_IW_SLC__1SDV_20211008T105851_20211008T105918_040027_04BCF4_4D82,Sentinel-1A,2021-10-08 10:58:51+00:00,ASCENDING,55,40027,VV+VH,4395.5,0.0
S1A_IW_SLC__1SDV_20211020T105827_20211020T105853_040202_04C30F_A34A,Sentinel-1A,2021-10-20 10:58:27+00:00,ASCENDING,55,40202,VV+VH,4402.9,11.0
S1A_IW_SLC__1SDV_20211020T105851_20211020T105918_040202_04C30F_A008,Sentinel-1A,2021-10-20 10:58:51+00:00,ASCENDING,55,40202,VV+VH,4426.8,0.0
S1A_IW_SLC__1SDV_20211101T105825_20211101T105853_040377_04C91D_6C22,Sentinel-1A,2021-11-01 10:58:25+00:00,ASCENDING,55,40377,VV+VH,4607.6,11.0
S1A_IW_SLC__1SDV_20211101T105851_20211101T105918_040377_04C91D_98D9,Sentinel-1A,2021-11-01 10:58:51+00:00,ASCENDING,55,40377,VV+VH,4462.5,0.0
S1A_IW_SLC__1SDV_20211113T105826_20211113T105853_040552_04CF38_1DE9,Sentinel-1A,2021-11-13 10:58:26+00:00,ASCENDING,55,40552,VV+VH,4360.8,11.0
S1A_IW_SLC__1SDV_20211113T105851_20211113T105918_040552_04CF38_8247,Sentinel-1A,2021-11-13 10:58:51+00:00,ASCENDING,55,40552,VV+VH,4373.5,0.0
S1A_IW_SLC__1SDV_20211125T105825_20211125T105853_040727_04D544_6A8E,Sentinel-1A,2021-11-25 10:58:25+00:00,ASCENDING,55,40727,VV+VH,4527.3,11.0
S1A_IW_SLC__1SDV_20211125T105850_20211125T105917_040727_04D544_176D,Sentinel-1A,2021-11-25 10:58:50+00:00,ASCENDING,55,40727,VV+VH,4386.6,0.0
S1A_IW_SLC__1SDV_20211207T105825_20211207T105852_040902_04DB5E_FC66,Sentinel-1A,2021-12-07 10:58:25+00:00,ASCENDING,55,40902,VV+VH,4344.2,11.0
S1A_IW_SLC__1SDV_20211207T105850_20211207T105917_040902_04DB5E_C7DD,Sentinel-1A,2021-12-07 10:58:50+00:00,ASCENDING,55,40902,VV+VH,4365.1,0.0
S1A_IW_SLC__1SDV_20211219T105824_20211219T105852_041077_04E146_F1A6,Sentinel-1A,2021-12-19 10:58:24+00:00,ASCENDING,55,41077,VV+VH,4512.5,11.0
S1A_IW_SLC__1SDV_20211219T105849_20211219T105916_041077_04E146_9489,Sentinel-1A,2021-12-19 10:58:49+00:00,ASCENDING,55,41077,VV+VH,4357.3,0.0
S1A_IW_SLC__1SDV_20211231T105824_20211231T105851_041252_04E710_5741,Sentinel-1A,2021-12-31 10:58:24+00:00,ASCENDING,55,41252,VV+VH,4338.1,11.0
S1A_IW_SLC__1SDV_20211231T105849_20211231T105916_041252_04E710_8BE4,Sentinel-1A,2021-12-31 10:58:49+00:00,ASCENDING,55,41252,VV+VH,4363.2,0.0
S1A_IW_SLC__1SDV_20220112T105824_20220112T105851_041427_04ED05_ACCD,Sentinel-1A,2022-01-12 10:58:24+00:00,ASCENDING,55,41427,VV+VH,4330.7,11.0
S1A_IW_SLC__1SDV_20220112T105848_20220112T105915_041427_04ED05_E8D7,Sentinel-1A,2022-01-12 10:58:48+00:00,ASCENDING,55,41427,VV+VH,4356.4,0.0
S1A_IW_SLC__1SDV_20220124T105823_20220124T105850_041602_04F2CF_9089,Sentinel-1A,2022-01-24 10:58:23+00:00,ASCENDING,55,41602,VV+VH,4381.9,11.0
S1A_IW_SLC__1SDV_20220124T105848_20220124T105915_041602_04F2CF_07C5,Sentinel-1A,2022-01-24 10:58:48+00:00,ASCENDING,55,41602,VV+VH,4393.9,0.0
S1A_IW_SLC__1SDV_20220205T105822_20220205T105849_041777_04F8CE_ACFC,Sentinel-1A,2022-02-05 10:58:22+00:00,ASCENDING,55,41777,VV+VH,4342.7,11.0
S1A_IW_SLC__1SDV_20220205T105847_20220205T105914_041777_04F8CE_C7BD,Sentinel-1A,2022-02-05 10:58:47+00:00,ASCENDING,55,41777,VV+VH,4356.9,0.0
S1A_IW_SLC__1SDV_20220217T105821_20220217T105849_041952_04FEE8_A69B,Sentinel-1A,2022-02-17 10:58:21+00:00,ASCENDING,55,41952,VV+VH,4589.4,11.0
S1A_IW_SLC__1SDV_20220217T105847_20220217T105914_041952_04FEE8_404C,Sentinel-1A,2022-02-17 10:58:47+00:00,ASCENDING,55,41952,VV+VH,4420.8,0.0
S1A_IW_SLC__1SDV_20220301T105822_20220301T105849_042127_0504E9_37E2,Sentinel-1A,2022-03-01 10:58:22+00:00,ASCENDING,55,42127,VV+VH,4341.2,11.0
S1A_IW_SLC__1SDV_20220301T105847_20220301T105901_042127_0504E9_752F,Sentinel-1A,2022-03-01 10:58:47+00:00,ASCENDING,55,42127,VV+VH,2109.8,0.0
S1A_IW_SLC__1SDV_20220313T105822_20220313T105849_042302_050ADC_4B77,Sentinel-1A,2022-03-13 10:58:22+00:00,ASCENDING,55,42302,VV+VH,4365.2,11.0
S1A_IW_SLC__1SDV_20220313T105847_20220313T105914_042302_050ADC_5CB5,Sentinel-1A,2022-03-13 10:58:47+00:00,ASCENDING,55,42302,VV+VH,4401.0,0.0
S1A_IW_SLC__1SDV_20220406T105823_20220406T105850_042652_0516BC_0FF9,Sentinel-1A,2022-04-06 10:58:23+00:00,ASCENDING,55,42652,VV+VH,4354.6,23.0
S1A_IW_SLC__1SDV_20220406T105848_20220406T105915_042652_0516BC_C107,Sentinel-1A,2022-04-06 10:58:48+00:00,ASCENDING,55,42652,VV+VH,4389.1,0.0
S1A_IW_SLC__1SDV_20220418T105823_20220418T105850_042827_051C99_7E06,Sentinel-1A,2022-04-18 10:58:23+00:00,ASCENDING,55,42827,VV+VH,4395.4,11.0
S1A_IW_SLC__1SDV_20220418T105848_20220418T105915_042827_051C99_217D,Sentinel-1A,2022-04-18 10:58:48+00:00,ASCENDING,55,42827,VV+VH,4399.7,0.0
S1A_IW_SLC__1SDV_20220430T105824_20220430T105851_043002_052258_6274,Sentinel-1A,2022-04-30 10:58:24+00:00,ASCENDING,55,43002,VV+VH,4396.9,11.0
S1A_IW_SLC__1SDV_20220430T105849_20220430T105916_043002_052258_E59C,Sentinel-1A,2022-04-30 10:58:49+00:00,ASCENDING,55,43002,VV+VH,4451.4,0.0
S1A_IW_SLC__1SDV_20220524T105825_20220524T105852_043352_052D4B_1007,Sentinel-1A,2022-05-24 10:58:25+00:00,ASCENDING,55,43352,VV+VH,4619.0,23.0
S1A_IW_SLC__1SDV_20220524T105850_20220524T105917_043352_052D4B_86CD,Sentinel-1A,2022-05-24 10:58:50+00:00,ASCENDING,55,43352,VV+VH,4637.7,0.0
S1A_IW_SLC__1SDV_20220617T105827_20220617T105854_043702_0537A8_B709,Sentinel-1A,2022-06-17 10:58:27+00:00,ASCENDING,55,43702,VV+VH,4550.1,23.0
S1A_IW_SLC__1SDV_20220617T105852_20220617T105919_043702_0537A8_5BC3,Sentinel-1A,2022-06-17 10:58:52+00:00,ASCENDING,55,43702,VV+VH,4560.0,0.0
S1A_IW_SLC__1SDV_20220629T105828_20220629T105855_043877_053CEB_1C75,Sentinel-1A,2022-06-29 10:58:28+00:00,ASCENDING,55,43877,VV+VH,4561.2,11.0
S1A_IW_SLC__1SDV_20220629T105853_20220629T105920_043877_053CEB_B492,Sentinel-1A,2022-06-29 10:58:53+00:00,ASCENDING,55,43877,VV+VH,4594.4,0.0
S1A_IW_SLC__1SDV_20220711T105829_20220711T105855_044052_05421A_2D15,Sentinel-1A,2022-07-11 10:58:29+00:00,ASCENDING,55,44052,VV+VH,4583.3,11.0
S1A_IW_SLC__1SDV_20220711T105853_20220711T105920_044052_05421A_8122,Sentinel-1A,2022-07-11 10:58:53+00:00,ASCENDING,55,44052,VV+VH,4588.0,0.0
S1A_IW_SLC__1SDV_20220723T105829_20220723T105856_044227_054754_CDF6,Sentinel-1A,2022-07-23 10:58:29+00:00,ASCENDING,55,44227,VV+VH,4556.5,11.0
S1A_IW_SLC__1SDV_20220723T105854_20220723T105921_044227_054754_DF2A,Sentinel-1A,2022-07-23 10:58:54+00:00,ASCENDING,55,44227,VV+VH,4578.2,0.0
S1A_IW_SLC__1SDV_20220804T105830_20220804T105857_044402_054C7B_B097,Sentinel-1A,2022-08-04 10:58:30+00:00,ASCENDING,55,44402,VV+VH,4573.5,11.0
S1A_IW_SLC__1SDV_20220804T105855_20220804T105922_044402_054C7B_0F29,Sentinel-1A,2022-08-04 10:58:55+00:00,ASCENDING,55,44402,VV+VH,4576.6,0.0
S1A_IW_SLC__1SDV_20220816T105831_20220816T105858_044577_055208_C4A0,Sentinel-1A,2022-08-16 10:58:31+00:00,ASCENDING,55,44577,VV+VH,4520.6,11.0
S1A_IW_SLC__1SDV_20220816T105856_20220816T105923_044577_055208_F1A3,Sentinel-1A,2022-08-16 10:58:56+00:00,ASCENDING,55,44577,VV+VH,4541.6,0.0
S1A_IW_SLC__1SDV_20220828T105831_20220828T105858_044752_0557F3_2A7A,Sentinel-1A,2022-08-28 10:58:31+00:00,ASCENDING,55,44752,VV+VH,4538.5,11.0
S1A_IW_SLC__1SDV_20220828T105856_20220828T105923_044752_0557F3_38DE,Sentinel-1A,2022-08-28 10:58:56+00:00,ASCENDING,55,44752,VV+VH,4554.9,0.0
S1A_IW_SLC__1SDV_20220909T105832_20220909T105859_044927_055DD1_0299,Sentinel-1A,2022-09-09 10:58:32+00:00,ASCENDING,55,44927,VV+VH,4597.4,11.0
S1A_IW_SLC__1SDV_20220909T105857_20220909T105924_044927_055DD1_BCFB,Sentinel-1A,2022-09-09 10:58:57+00:00,ASCENDING,55,44927,VV+VH,4622.2,0.0
S1A_IW_SLC__1SDV_20220921T105831_20220921T105858_045102_0563BB_CCFC,Sentinel-1A,2022-09-21 10:58:31+00:00,ASCENDING,55,45102,VV+VH,4553.9,11.0
S1A_IW_SLC__1SDV_20220921T105856_20220921T105923_045102_0563BB_4F90,Sentinel-1A,2022-09-21 10:58:56+00:00,ASCENDING,55,45102,VV+VH,4552.4,0.0
S1A_IW_SLC__1SDV_20221003T105832_20221003T105859_045277_05699A_3DA2,Sentinel-1A,2022-10-03 10:58:32+00:00,ASCENDING,55,45277,VV+VH,4540.8,11.0
S1A_IW_SLC__1SDV_20221003T105857_20221003T105924_045277_05699A_40D2,Sentinel-1A,2022-10-03 10:58:57+00:00,ASCENDING,55,45277,VV+VH,4555.3,0.0
S1A_IW_SLC__1SDV_20221015T105832_20221015T105859_045452_056F76_0DCA,Sentinel-1A,2022-10-15 10:58:32+00:00,ASCENDING,55,45452,VV+VH,4495.8,11.0
S1A_IW_SLC__1SDV_20221015T105857_20221015T105924_045452_056F76_C1BA,Sentinel-1A,2022-10-15 10:58:57+00:00,ASCENDING,55,45452,VV+VH,4515.2,0.0
S1A_IW_SLC__1SDV_20221027T105833_20221027T105859_045627_0574A3_AF21,Sentinel-1A,2022-10-27 10:58:33+00:00,ASCENDING,55,45627,VV+VH,4512.5,11.0
S1A_IW_SLC__1SDV_20221027T105857_20221027T105924_045627_0574A3_46A9,Sentinel-1A,2022-10-27 10:58:57+00:00,ASCENDING,55,45627,VV+VH,4532.1,0.0
S1A_IW_SLC__1SDV_20221108T105832_20221108T105859_045802_057A94_33E1,Sentinel-1A,2022-11-08 10:58:32+00:00,ASCENDING,55,45802,VV+VH,4485.7,11.0
S1A_IW_SLC__1SDV_20221108T105857_20221108T105924_045802_057A94_4123,Sentinel-1A,2022-11-08 10:58:57+00:00,ASCENDING,55,45802,VV+VH,4506.7,0.0
S1A_IW_SLC__1SDV_20221120T105832_20221120T105859_045977_058075_3073,Sentinel-1A,2022-11-20 10:58:32+00:00,ASCENDING,55,45977,VV+VH,4505.2,11.0
S1A_IW_SLC__1SDV_20221120T105857_20221120T105924_045977_058075_8ECF,Sentinel-1A,2022-11-20 10:58:57+00:00,ASCENDING,55,45977,VV+VH,4543.8,0.0
S1A_IW_SLC__1SDV_20221202T105830_20221202T105858_046152_05866A_083A,Sentinel-1A,2022-12-02 10:58:30+00:00,ASCENDING,55,46152,VV+VH,4652.9,11.0
S1A_IW_SLC__1SDV_20221202T105856_20221202T105923_046152_05866A_A4BA,Sentinel-1A,2022-12-02 10:58:56+00:00,ASCENDING,55,46152,VV+VH,4477.6,0.0
S1A_IW_SLC__1SDV_20221214T105831_20221214T105858_046327_058C68_0D99,Sentinel-1A,2022-12-14 10:58:31+00:00,ASCENDING,55,46327,VV+VH,4465.8,11.0
S1A_IW_SLC__1SDV_20221214T105855_20221214T105922_046327_058C68_4784,Sentinel-1A,2022-12-14 10:58:55+00:00,ASCENDING,55,46327,VV+VH,4478.6,0.0
S1A_IW_SLC__1SDV_20221226T105829_20221226T105857_046502_05925E_38BB,Sentinel-1A,2022-12-26 10:58:29+00:00,ASCENDING,55,46502,VV+VH,4639.0,11.0
S1A_IW_SLC__1SDV_20221226T105855_20221226T105922_046502_05925E_FB6D,Sentinel-1A,2022-12-26 10:58:55+00:00,ASCENDING,55,46502,VV+VH,4491.0,0.0
S1A_IW_SLC__1SDV_20230107T105829_20230107T105856_046677_05983D_2CB6,Sentinel-1A,2023-01-07 10:58:29+00:00,ASCENDING,55,46677,VV+VH,4660.7,11.0
S1A_IW_SLC__1SDV_20230107T105854_20230107T105921_046677_05983D_0636,Sentinel-1A,2023-01-07 10:58:54+00:00,ASCENDING,55,46677,VV+VH,4508.9,0.0
S1A_IW_SLC__1SDV_20230119T105828_20230119T105855_046852_059E26_C47A,Sentinel-1A,2023-01-19 10:58:28+00:00,ASCENDING,55,46852,VV+VH,4638.6,11.0
S1A_IW_SLC__1SDV_20230119T105853_20230119T105920_046852_059E26_B64E,Sentinel-1A,2023-01-19 10:58:53+00:00,ASCENDING,55,46852,VV+VH,4485.2,0.0
S1A_IW_SLC__1SDV_20230131T105828_20230131T105856_047027_05A40C_1625,Sentinel-1A,2023-01-31 10:58:28+00:00,ASCENDING,55,47027,VV+VH,4653.2,11.0
S1A_IW_SLC__1SDV_20230131T105854_20230131T105921_047027_05A40C_D101,Sentinel-1A,2023-01-31 10:58:54+00:00,ASCENDING,55,47027,VV+VH,4515.8,0.0
S1A_IW_SLC__1SDV_20230212T105827_20230212T105855_047202_05A9E5_E458,Sentinel-1A,2023-02-12 10:58:27+00:00,ASCENDING,55,47202,VV+VH,4720.6,11.0
S1A_IW_SLC__1SDV_20230212T105853_20230212T105920_047202_05A9E5_212B,Sentinel-1A,2023-02-12 10:58:53+00:00,ASCENDING,55,47202,VV+VH,4566.9,0.0
S1A_IW_SLC__1SDV_20230224T105828_20230224T105855_047377_05AFD7_6502,Sentinel-1A,2023-02-24 10:58:28+00:00,ASCENDING,55,47377,VV+VH,4496.9,11.0
S1A_IW_SLC__1SDV_20230224T105853_20230224T105920_047377_05AFD7_B73B,Sentinel-1A,2023-02-24 10:58:53+00:00,ASCENDING,55,47377,VV+VH,4523.5,0.0
S1A_IW_SLC__1SDV_20230308T105828_20230308T105855_047552_05B5C4_77CE,Sentinel-1A,2023-03-08 10:58:28+00:00,ASCENDING,55,47552,VV+VH,4505.7,11.0
S1A_IW_SLC__1SDV_20230308T105853_20230308T105920_047552_05B5C4_EC3A,Sentinel-1A,2023-03-08 10:58:53+00:00,ASCENDING,55,47552,VV+VH,4535.9,0.0
S1A_IW_SLC__1SDV_20230320T105828_20230320T105855_047727_05BBB0_B191,Sentinel-1A,2023-03-20 10:58:28+00:00,ASCENDING,55,47727,VV+VH,4513.7,11.0
S1A_IW_SLC__1SDV_20230320T105853_20230320T105920_047727_05BBB0_594C,Sentinel-1A,2023-03-20 10:58:53+00:00,ASCENDING,55,47727,VV+VH,4546.9,0.0
S1A_IW_SLC__1SDV_20230401T105829_20230401T105856_047902_05C189_A60E,Sentinel-1A,2023-04-01 10:58:29+00:00,ASCENDING,55,47902,VV+VH,4544.1,11.0
S1A_IW_SLC__1SDV_20230401T105853_20230401T105920_047902_05C189_008B,Sentinel-1A,2023-04-01 10:58:53+00:00,ASCENDING,55,47902,VV+VH,4515.7,0.0
S1A_IW_SLC__1SDV_20230413T105829_20230413T105856_048077_05C779_1826,Sentinel-1A,2023-04-13 10:58:29+00:00,ASCENDING,55,48077,VV+VH,4543.4,11.0
S1A_IW_SLC__1SDV_20230413T105854_20230413T105921_048077_05C779_38B3,Sentinel-1A,2023-04-13 10:58:54+00:00,ASCENDING,55,48077,VV+VH,4559.2,0.0
S1A_IW_SLC__1SDV_20230425T105829_20230425T105856_048252_05CD57_A9F0,Sentinel-1A,2023-04-25 10:58:29+00:00,ASCENDING,55,48252,VV+VH,4499.6,11.0
S1A_IW_SLC__1SDV_20230425T105854_20230425T105921_048252_05CD57_4317,Sentinel-1A,2023-04-25 10:58:54+00:00,ASCENDING,55,48252,VV+VH,4512.1,0.0
S1A_IW_SLC__1SDV_20230507T105830_20230507T105857_048427_05D334_FF65,Sentinel-1A,2023-05-07 10:58:30+00:00,ASCENDING,55,48427,VV+VH,4523.7,11.0
S1A_IW_SLC__1SDV_20230507T105855_20230507T105922_048427_05D334_D914,Sentinel-1A,2023-05-07 10:58:55+00:00,ASCENDING,55,48427,VV+VH,4551.0,0.0
S1A_IW_SLC__1SDV_20230519T105831_20230519T105858_048602_05D871_381D,Sentinel-1A,2023-05-19 10:58:31+00:00,ASCENDING,55,48602,VV+VH,4543.1,11.0
S1A_IW_SLC__1SDV_20230519T105855_20230519T105922_048602_05D871_7014,Sentinel-1A,2023-05-19 10:58:55+00:00,ASCENDING,55,48602,VV+VH,4579.0,0.0
S1A_IW_SLC__1SDV_20230531T105831_20230531T105858_048777_05DDB2_4BF0,Sentinel-1A,2023-05-31 10:58:31+00:00,ASCENDING,55,48777,VV+VH,4551.9,11.0
S1A_IW_SLC__1SDV_20230531T105856_20230531T105923_048777_05DDB2_3437,Sentinel-1A,2023-05-31 10:58:56+00:00,ASCENDING,55,48777,VV+VH,4575.4,0.0
S1A_IW_SLC__1SDV_20230811T105831_20230811T105903_049827_05FE07_5F6B,Sentinel-1A,2023-08-11 10:58:31+00:00,ASCENDING,55,49827,VV+VH,5492.1,71.0
S1A_IW_SLC__1SDV_20230823T105836_20230823T105903_050002_0603FB_FF04,Sentinel-1A,2023-08-23 10:58:36+00:00,ASCENDING,55,50002,VV+VH,4560.4,12.0
S1A_IW_SLC__1SDV_20230823T105901_20230823T105928_050002_0603FB_80E6,Sentinel-1A,2023-08-23 10:59:01+00:00,ASCENDING,55,50002,VV+VH,4584.8,0.0
S1A_IW_SLC__1SDV_20230904T105837_20230904T105904_050177_060A03_4811,Sentinel-1A,2023-09-04 10:58:37+00:00,ASCENDING,55,50177,VV+VH,4549.5,11.0
S1A_IW_SLC__1SDV_20230904T105901_20230904T105928_050177_060A03_B22C,Sentinel-1A,2023-09-04 10:59:01+00:00,ASCENDING,55,50177,VV+VH,4581.4,0.0
S1A_IW_SLC__1SDV_20230916T105837_20230916T105904_050352_060FEC_C1BD,Sentinel-1A,2023-09-16 10:58:37+00:00,ASCENDING,55,50352,VV+VH,4581.1,11.0
S1A_IW_SLC__1SDV_20230916T105902_20230916T105929_050352_060FEC_F649,Sentinel-1A,2023-09-16 10:59:02+00:00,ASCENDING,55,50352,VV+VH,4596.0,0.0
S1A_IW_SLC__1SDV_20230928T105837_20230928T105904_050527_0615E8_202E,Sentinel-1A,2023-09-28 10:58:37+00:00,ASCENDING,55,50527,VV+VH,7337.1,11.0
S1A_IW_SLC__1SDV_20230928T105902_20230928T105929_050527_0615E8_3DE6,Sentinel-1A,2023-09-28 10:59:02+00:00,ASCENDING,55,50527,VV+VH,7337.9,0.0
S1A_IW_SLC__1SDV_20231010T105837_20231010T105904_050702_061BEB_E4CC,Sentinel-1A,2023-10-10 10:58:37+00:00,ASCENDING,55,50702,VV+VH,7218.8,11.0
S1A_IW_SLC__1SDV_20231010T105902_20231010T105929_050702_061BEB_5931,Sentinel-1A,2023-10-10 10:59:02+00:00,ASCENDING,55,50702,VV+VH,7219.4,0.0
S1A_IW_SLC__1SDV_20231022T105838_20231022T105904_050877_0621DE_0549,Sentinel-1A,2023-10-22 10:58:38+00:00,ASCENDING,55,50877,VV+VH,7337.0,11.0
S1A_IW_SLC__1SDV_20231022T105902_20231022T105929_050877_0621DE_2EF3,Sentinel-1A,2023-10-22 10:59:02+00:00,ASCENDING,55,50877,VV+VH,7337.7,0.0
S1A_IW_SLC__1SDV_20231103T105837_20231103T105904_051052_0627E1_6FBC,Sentinel-1A,2023-11-03 10:58:37+00:00,ASCENDING,55,51052,VV+VH,7336.9,11.0
S1A_IW_SLC__1SDV_20231103T105902_20231103T105929_051052_0627E1_32F0,Sentinel-1A,2023-11-03 10:59:02+00:00,ASCENDING,55,51052,VV+VH,7337.5,0.0
S1A_IW_SLC__1SDV_20231115T105837_20231115T105904_051227_062DED_C471,Sentinel-1A,2023-11-15 10:58:37+00:00,ASCENDING,55,51227,VV+VH,7337.0,11.0
S1A_IW_SLC__1SDV_20231115T105902_20231115T105929_051227_062DED_CFC1,Sentinel-1A,2023-11-15 10:59:02+00:00,ASCENDING,55,51227,VV+VH,7337.6,0.0
S1A_IW_SLC__1SDV_20231127T105835_20231127T105903_051402_0633F6_E993,Sentinel-1A,2023-11-27 10:58:35+00:00,ASCENDING,55,51402,VV+VH,7627.1,11.0
S1A_IW_SLC__1SDV_20231127T105901_20231127T105928_051402_0633F6_DADB,Sentinel-1A,2023-11-27 10:59:01+00:00,ASCENDING,55,51402,VV+VH,7337.5,0.0
S1A_IW_SLC__1SDV_20231209T105836_20231209T105903_051577_063A04_ABA0,Sentinel-1A,2023-12-09 10:58:36+00:00,ASCENDING,55,51577,VV+VH,7499.7,11.0
S1A_IW_SLC__1SDV_20231209T105901_20231209T105928_051577_063A04_4E85,Sentinel-1A,2023-12-09 10:59:01+00:00,ASCENDING,55,51577,VV+VH,7500.4,0.0
S1A_IW_SLC__1SDV_20231221T105835_20231221T105902_051752_06401E_656A,Sentinel-1A,2023-12-21 10:58:35+00:00,ASCENDING,55,51752,VV+VH,7337.0,11.0
S1A_IW_SLC__1SDV_20231221T105900_20231221T105927_051752_06401E_4855,Sentinel-1A,2023-12-21 10:59:00+00:00,ASCENDING,55,51752,VV+VH,7337.5,0.0
S1A_IW_SLC__1SDV_20240102T105833_20240102T105901_051927_06461A_17FD,Sentinel-1A,2024-01-02 10:58:33+00:00,ASCENDING,55,51927,VV+VH,7627.2,11.0
S1A_IW_SLC__1SDV_20240102T105859_20240102T105926_051927_06461A_A38E,Sentinel-1A,2024-01-02 10:58:59+00:00,ASCENDING,55,51927,VV+VH,7337.5,0.0
S1A_IW_SLC__1SDV_20240126T105834_20240126T105901_052277_0651F1_C6A1,Sentinel-1A,2024-01-26 10:58:34+00:00,ASCENDING,55,52277,VV+VH,7218.6,23.0
S1A_IW_SLC__1SDV_20240126T105858_20240126T105925_052277_0651F1_8B85,Sentinel-1A,2024-01-26 10:58:58+00:00,ASCENDING,55,52277,VV+VH,7219.4,0.0
S1A_IW_SLC__1SDV_20240207T105832_20240207T105900_052452_0657E1_A93B,Sentinel-1A,2024-02-07 10:58:32+00:00,ASCENDING,55,52452,VV+VH,7504.4,11.0
S1A_IW_SLC__1SDV_20240207T105858_20240207T105925_052452_0657E1_4830,Sentinel-1A,2024-02-07 10:58:58+00:00,ASCENDING,55,52452,VV+VH,7219.3,0.0
S1A_IW_SLC__1SDV_20240219T105832_20240219T105900_052627_065DCC_F18B,Sentinel-1A,2024-02-19 10:58:32+00:00,ASCENDING,55,52627,VV+VH,7504.2,11.0
S1A_IW_SLC__1SDV_20240219T105858_20240219T105925_052627_065DCC_93D8,Sentinel-1A,2024-02-19 10:58:58+00:00,ASCENDING,55,52627,VV+VH,7219.2,0.0
S1A_IW_SLC__1SDV_20240314T105833_20240314T105900_052977_0669B8_4FF7,Sentinel-1A,2024-03-14 10:58:33+00:00,ASCENDING,55,52977,VV+VH,7218.7,23.0
S1A_IW_SLC__1SDV_20240314T105858_20240314T105925_052977_0669B8_6A5D,Sentinel-1A,2024-03-14 10:58:58+00:00,ASCENDING,55,52977,VV+VH,7219.1,0.0
S1A_IW_SLC__1SDV_20240326T105833_20240326T105900_053152_067078_0DDE,Sentinel-1A,2024-03-26 10:58:33+00:00,ASCENDING,55,53152,VV+VH,7499.9,11.0
S1A_IW_SLC__1SDV_20240326T105858_20240326T105925_053152_067078_2A8D,Sentinel-1A,2024-03-26 10:58:58+00:00,ASCENDING,55,53152,VV+VH,7500.6,0.0
S1A_IW_SLC__1SDV_20240407T105834_20240407T105901_053327_06772D_DC07,Sentinel-1A,2024-04-07 10:58:34+00:00,ASCENDING,55,53327,VV+VH,7218.7,11.0
S1A_IW_SLC__1SDV_20240407T105859_20240407T105926_053327_06772D_6DD5,Sentinel-1A,2024-04-07 10:58:59+00:00,ASCENDING,55,53327,VV+VH,7219.4,0.0
S1A_IW_SLC__1SDV_20240419T105834_20240419T105901_053502_067E21_4FA4,Sentinel-1A,2024-04-19 10:58:34+00:00,ASCENDING,55,53502,VV+VH,7499.8,11.0
S1A_IW_SLC__1SDV_20240419T105859_20240419T105926_053502_067E21_E094,Sentinel-1A,2024-04-19 10:58:59+00:00,ASCENDING,55,53502,VV+VH,7500.6,0.0
S1A_IW_SLC__1SDV_20240501T105835_20240501T105902_053677_0684F7_FA65,Sentinel-1A,2024-05-01 10:58:35+00:00,ASCENDING,55,53677,VV+VH,7499.9,11.0
S1A_IW_SLC__1SDV_20240501T105859_20240501T105926_053677_0684F7_4FB8,Sentinel-1A,2024-05-01 10:58:59+00:00,ASCENDING,55,53677,VV+VH,7500.3,0.0
S1A_IW_SLC__1SDV_20240513T105834_20240513T105901_053852_068B86_3188,Sentinel-1A,2024-05-13 10:58:34+00:00,ASCENDING,55,53852,VV+VH,7144.8,11.0
S1A_IW_SLC__1SDV_20240513T105859_20240513T105926_053852_068B86_9653,Sentinel-1A,2024-05-13 10:58:59+00:00,ASCENDING,55,53852,VV+VH,7145.5,0.0
S1A_IW_SLC__1SDV_20240525T105835_20240525T105902_054027_069189_59EA,Sentinel-1A,2024-05-25 10:58:35+00:00,ASCENDING,55,54027,VV+VH,7499.6,11.0
S1A_IW_SLC__1SDV_20240525T105859_20240525T105926_054027_069189_AFA6,Sentinel-1A,2024-05-25 10:58:59+00:00,ASCENDING,55,54027,VV+VH,7500.4,0.0
S1A_IW_SLC__1SDV_20240606T105834_20240606T105901_054202_069793_E875,Sentinel-1A,2024-06-06 10:58:34+00:00,ASCENDING,55,54202,VV+VH,7218.7,11.0
S1A_IW_SLC__1SDV_20240606T105859_20240606T105926_054202_069793_BCA4,Sentinel-1A,2024-06-06 10:58:59+00:00,ASCENDING,55,54202,VV+VH,7219.4,0.0
S1A_IW_SLC__1SDV_20240618T105834_20240618T105900_054377_069D9E_5E5E,Sentinel-1A,2024-06-18 10:58:34+00:00,ASCENDING,55,54377,VV+VH,7499.8,11.0
S1A_IW_SLC__1SDV_20240618T105858_20240618T105925_054377_069D9E_1235,Sentinel-1A,2024-06-18 10:58:58+00:00,ASCENDING,55,54377,VV+VH,7500.4,0.0
S1A_IW_SLC__1SDV_20240805T105832_20240805T105859_055077_06B5DF_AAC5,Sentinel-1A,2024-08-05 10:58:32+00:00,ASCENDING,55,55077,VV+VH,4563.1,47.0
S1A_IW_SLC__1SDV_20240805T105857_20240805T105924_055077_06B5DF_82C8,Sentinel-1A,2024-08-05 10:58:57+00:00,ASCENDING,55,55077,VV+VH,4587.3,0.0
S1A_IW_SLC__1SDV_20240817T105832_20240817T105859_055252_06BC43_372E,Sentinel-1A,2024-08-17 10:58:32+00:00,ASCENDING,55,55252,VV+VH,4565.8,11.0
S1A_IW_SLC__1SDV_20240817T105857_20240817T105924_055252_06BC43_02E5,Sentinel-1A,2024-08-17 10:58:57+00:00,ASCENDING,55,55252,VV+VH,4581.0,0.0
S1A_IW_SLC__1SDV_20240829T105832_20240829T105859_055427_06C2BB_8F3D,Sentinel-1A,2024-08-29 10:58:32+00:00,ASCENDING,55,55427,VV+VH,4579.3,11.0
S1A_IW_SLC__1SDV_20240829T105857_20240829T105924_055427_06C2BB_41F3,Sentinel-1A,2024-08-29 10:58:57+00:00,ASCENDING,55,55427,VV+VH,4599.0,0.0
S1A_IW_SLC__1SDV_20240910T105833_20240910T105859_055602_06C990_FD11,Sentinel-1A,2024-09-10 10:58:33+00:00,ASCENDING,55,55602,VV+VH,4632.0,11.0
S1A_IW_SLC__1SDV_20240910T105857_20240910T105924_055602_06C990_EE69,Sentinel-1A,2024-09-10 10:58:57+00:00,ASCENDING,55,55602,VV+VH,4614.0,0.0
S1A_IW_SLC__1SDV_20240922T105833_20240922T105900_055777_06D06F_44E9,Sentinel-1A,2024-09-22 10:58:33+00:00,ASCENDING,55,55777,VV+VH,4586.5,11.0
S1A_IW_SLC__1SDV_20240922T105858_20240922T105925_055777_06D06F_2A42,Sentinel-1A,2024-09-22 10:58:58+00:00,ASCENDING,55,55777,VV+VH,4585.8,0.0
S1A_IW_SLC__1SDV_20241004T105833_20241004T105900_055952_06D768_3E81,Sentinel-1A,2024-10-04 10:58:33+00:00,ASCENDING,55,55952,VV+VH,4531.4,11.0
S1A_IW_SLC__1SDV_20241004T105858_20241004T105925_055952_06D768_9AD1,Sentinel-1A,2024-10-04 10:58:58+00:00,ASCENDING,55,55952,VV+VH,4555.2,0.0
S1A_IW_SLC__1SDV_20241016T105834_20241016T105901_056127_06DE46_83F1,Sentinel-1A,2024-10-16 10:58:34+00:00,ASCENDING,55,56127,VV+VH,4550.2,11.0
S1A_IW_SLC__1SDV_20241016T105858_20241016T105925_056127_06DE46_1115,Sentinel-1A,2024-10-16 10:58:58+00:00,ASCENDING,55,56127,VV+VH,4580.0,0.0
S1A_IW_SLC__1SDV_20241028T105833_20241028T105901_056302_06E538_0284,Sentinel-1A,2024-10-28 10:58:33+00:00,ASCENDING,55,56302,VV+VH,4716.9,11.0
S1A_IW_SLC__1SDV_20241028T105859_20241028T105925_056302_06E538_6276,Sentinel-1A,2024-10-28 10:58:59+00:00,ASCENDING,55,56302,VV+VH,4564.2,0.0
S1A_IW_SLC__1SDV_20241109T105833_20241109T105900_056477_06EC24_2281,Sentinel-1A,2024-11-09 10:58:33+00:00,ASCENDING,55,56477,VV+VH,4510.8,11.0
S1A_IW_SLC__1SDV_20241109T105858_20241109T105925_056477_06EC24_8CBC,Sentinel-1A,2024-11-09 10:58:58+00:00,ASCENDING,55,56477,VV+VH,4536.3,0.0
S1A_IW_SLC__1SDV_20241121T105833_20241121T105859_056652_06F32E_B754,Sentinel-1A,2024-11-21 10:58:33+00:00,ASCENDING,55,56652,VV+VH,4514.5,11.0
S1A_IW_SLC__1SDV_20241121T105857_20241121T105924_056652_06F32E_FA52,Sentinel-1A,2024-11-21 10:58:57+00:00,ASCENDING,55,56652,VV+VH,4537.4,0.0
S1A_IW_SLC__1SDV_20241203T105831_20241203T105859_056827_06FA1F_E3AC,Sentinel-1A,2024-12-03 10:58:31+00:00,ASCENDING,55,56827,VV+VH,4671.6,11.0
S1A_IW_SLC__1SDV_20241203T105857_20241203T105924_056827_06FA1F_3597,Sentinel-1A,2024-12-03 10:58:57+00:00,ASCENDING,55,56827,VV+VH,4533.8,0.0
S1A_IW_SLC__1SDV_20241215T105831_20241215T105858_057002_070102_4D95,Sentinel-1A,2024-12-15 10:58:31+00:00,ASCENDING,55,57002,VV+VH,4453.9,11.0
S1A_IW_SLC__1SDV_20241215T105856_20241215T105923_057002_070102_69C3,Sentinel-1A,2024-12-15 10:58:56+00:00,ASCENDING,55,57002,VV+VH,4485.7,0.0
S1A_IW_SLC__1SDV_20241227T105829_20241227T105857_057177_0707FD_1667,Sentinel-1A,2024-12-27 10:58:29+00:00,ASCENDING,55,57177,VV+VH,4659.5,11.0
S1A_IW_SLC__1SDV_20241227T105854_20241227T105921_057177_0707FD_1B8F,Sentinel-1A,2024-12-27 10:58:54+00:00,ASCENDING,55,57177,VV+VH,4498.2,0.0
S1A_IW_SLC__1SDV_20250108T105828_20250108T105855_057352_070EE2_CEBB,Sentinel-1A,2025-01-08 10:58:28+00:00,ASCENDING,55,57352,VV+VH,4642.0,11.0
S1A_IW_SLC__1SDV_20250108T105853_20250108T105920_057352_070EE2_5BDE,Sentinel-1A,2025-01-08 10:58:53+00:00,ASCENDING,55,57352,VV+VH,4501.2,0.0
S1A_IW_SLC__1SDV_20250120T105828_20250120T105854_057527_0715D1_4A19,Sentinel-1A,2025-01-20 10:58:28+00:00,ASCENDING,55,57527,VV+VH,4464.5,11.0
S1A_IW_SLC__1SDV_20250120T105852_20250120T105919_057527_0715D1_7A66,Sentinel-1A,2025-01-20 10:58:52+00:00,ASCENDING,55,57527,VV+VH,4515.0,0.0
S1A_IW_SLC__1SDV_20250201T105827_20250201T105854_057702_071CC0_FEFF,Sentinel-1A,2025-02-01 10:58:27+00:00,ASCENDING,55,57702,VV+VH,4472.1,11.0
S1A_IW_SLC__1SDV_20250201T105851_20250201T105918_057702_071CC0_A883,Sentinel-1A,2025-02-01 10:58:51+00:00,ASCENDING,55,57702,VV+VH,4515.8,0.0
S1A_IW_SLC__1SDV_20250309T105826_20250309T105853_058227_073206_F001,Sentinel-1A,2025-03-09 10:58:26+00:00,ASCENDING,55,58227,VV+VH,4459.7,35.0
S1A_IW_SLC__1SDV_20250309T105851_20250309T105918_058227_073206_5BED,Sentinel-1A,2025-03-09 10:58:51+00:00,ASCENDING,55,58227,VV+VH,4493.0,0.0
S1A_IW_SLC__1SDV_20250321T105827_20250321T105854_058402_0738F3_980D,Sentinel-1A,2025-03-21 10:58:27+00:00,ASCENDING,55,58402,VV+VH,4478.7,11.0
S1A_IW_SLC__1SDV_20250321T105852_20250321T105919_058402_0738F3_E36A,Sentinel-1A,2025-03-21 10:58:52+00:00,ASCENDING,55,58402,VV+VH,4541.8,0.0
S1A_IW_SLC__1SDV_20250402T105827_20250402T105854_058577_073FF7_3140,Sentinel-1A,2025-04-02 10:58:27+00:00,ASCENDING,55,58577,VV+VH,4480.4,11.0
S1A_IW_SLC__1SDV_20250402T105852_20250402T105919_058577_073FF7_A1EE,Sentinel-1A,2025-04-02 10:58:52+00:00,ASCENDING,55,58577,VV+VH,4539.6,0.0
S1A_IW_SLC__1SDV_20250414T105827_20250414T105854_058752_074727_6F69,Sentinel-1A,2025-04-14 10:58:27+00:00,ASCENDING,55,58752,VV+VH,4495.0,11.0
S1A_IW_SLC__1SDV_20250414T105851_20250414T105918_058752_074727_DEE3,Sentinel-1A,2025-04-14 10:58:51+00:00,ASCENDING,55,58752,VV+VH,4551.3,0.0
S1A_IW_SLC__1SDV_20250426T105827_20250426T105854_058927_074E48_CC6A,Sentinel-1A,2025-04-26 10:58:27+00:00,ASCENDING,55,58927,VV+VH,4526.7,11.0
S1A_IW_SLC__1SDV_20250426T105852_20250426T105919_058927_074E48_A89E,Sentinel-1A,2025-04-26 10:58:52+00:00,ASCENDING,55,58927,VV+VH,4545.6,0.0
S1A_IW_SLC__1SDV_20250508T105827_20250508T105854_059102_07552F_45FA,Sentinel-1A,2025-05-08 10:58:27+00:00,ASCENDING,55,59102,VV+VH,4529.8,11.0
S1A_IW_SLC__1SDV_20250508T105852_20250508T105919_059102_07552F_B782,Sentinel-1A,2025-05-08 10:58:52+00:00,ASCENDING,55,59102,VV+VH,4578.0,0.0
S1A_IW_SLC__1SDV_20250520T105826_20250520T105853_059277_075B34_3589,Sentinel-1A,2025-05-20 10:58:26+00:00,ASCENDING,55,59277,VV+VH,4576.7,11.0
S1A_IW_SLC__1SDV_20250520T105851_20250520T105918_059277_075B34_E860,Sentinel-1A,2025-05-20 10:58:51+00:00,ASCENDING,55,59277,VV+VH,4588.8,0.0
S1A_IW_SLC__1SDV_20250601T105826_20250601T105853_059452_07614D_D8CE,Sentinel-1A,2025-06-01 10:58:26+00:00,ASCENDING,55,59452,VV+VH,4550.6,11.0
S1A_IW_SLC__1SDV_20250601T105851_20250601T105918_059452_07614D_925C,Sentinel-1A,2025-06-01 10:58:51+00:00,ASCENDING,55,59452,VV+VH,4581.9,0.0
S1A_IW_SLC__1SDV_20250707T105824_20250707T105851_059977_077363_88A6,Sentinel-1A,2025-07-07 10:58:24+00:00,ASCENDING,55,59977,VV+VH,4566.0,35.0
S1A_IW_SLC__1SDV_20250707T105849_20250707T105916_059977_077363_610C,Sentinel-1A,2025-07-07 10:58:49+00:00,ASCENDING,55,59977,VV+VH,4588.1,0.0
S1A_IW_SLC__1SDV_20250719T105823_20250719T105850_060152_077968_308A,Sentinel-1A,2025-07-19 10:58:23+00:00,ASCENDING,55,60152,VV+VH,4599.1,11.0
S1A_IW_SLC__1SDV_20250719T105848_20250719T105915_060152_077968_C55D,Sentinel-1A,2025-07-19 10:58:48+00:00,ASCENDING,55,60152,VV+VH,4595.6,0.0
S1C_IW_SLC__1SDV_20250725T105726_20250725T105753_003376_006CAC_AEC2,Sentinel-1C,2025-07-25 10:57:26+00:00,ASCENDING,55,3376,VV+VH,4582.2,5.0
S1A_IW_SLC__1SDV_20250812T105823_20250812T105850_060502_0785E4_9912,Sentinel-1A,2025-08-12 10:58:23+00:00,ASCENDING,55,60502,VV+VH,4534.4,18.0
S1A_IW_SLC__1SDV_20250812T105848_20250812T105915_060502_0785E4_F30F,Sentinel-1A,2025-08-12 10:58:48+00:00,ASCENDING,55,60502,VV+VH,4551.1,0.0
S1A_IW_SLC__1SDV_20250824T105823_20250824T105850_060677_078CC7_1796,Sentinel-1A,2025-08-24 10:58:23+00:00,ASCENDING,55,60677,VV+VH,4565.0,11.0
S1A_IW_SLC__1SDV_20250824T105848_20250824T105915_060677_078CC7_2807,Sentinel-1A,2025-08-24 10:58:48+00:00,ASCENDING,55,60677,VV+VH,4556.5,0.0
S1A_IW_SLC__1SDV_20250905T105823_20250905T105850_060852_0793B5_1769,Sentinel-1A,2025-09-05 10:58:23+00:00,ASCENDING,55,60852,VV+VH,4537.5,11.0
S1A_IW_SLC__1SDV_20250905T105848_20250905T105915_060852_0793B5_DD20,Sentinel-1A,2025-09-05 10:58:48+00:00,ASCENDING,55,60852,VV+VH,4561.2,0.0
S1A_IW_SLC__1SDV_20250917T105824_20250917T105851_061027_079ABB_5D20,Sentinel-1A,2025-09-17 10:58:24+00:00,ASCENDING,55,61027,VV+VH,4550.1,11.0
S1A_IW_SLC__1SDV_20250917T105848_20250917T105915_061027_079ABB_4D46,Sentinel-1A,2025-09-17 10:58:48+00:00,ASCENDING,55,61027,VV+VH,4557.5,0.0
S1A_IW_SLC__1SDV_20250929T105824_20250929T105851_061202_07A1C8_942A,Sentinel-1A,2025-09-29 10:58:24+00:00,ASCENDING,55,61202,VV+VH,4611.5,11.0
S1A_IW_SLC__1SDV_20250929T105849_20250929T105916_061202_07A1C8_7648,Sentinel-1A,2025-09-29 10:58:49+00:00,ASCENDING,55,61202,VV+VH,4603.1,0.0
S1A_IW_SLC__1SDV_20251011T105825_20251011T105851_061377_07A8D5_674A,Sentinel-1A,2025-10-11 10:58:25+00:00,ASCENDING,55,61377,VV+VH,4545.1,11.0
S1A_IW_SLC__1SDV_20251011T105849_20251011T105916_061377_07A8D5_3E56,Sentinel-1A,2025-10-11 10:58:49+00:00,ASCENDING,55,61377,VV+VH,4555.3,0.0
S1A_IW_SLC__1SDV_20251023T105846_20251023T105913_061552_07AFDF_B548,Sentinel-1A,2025-10-23 10:58:46+00:00,ASCENDING,55,61552,VV+VH,4534.3,11.0
S1A_IW_SLC__1SDV_20251104T105824_20251104T105851_061727_07B6CD_5AEB,Sentinel-1A,2025-11-04 10:58:24+00:00,ASCENDING,55,61727,VV+VH,4559.4,11.0
S1A_IW_SLC__1SDV_20251104T105849_20251104T105916_061727_07B6CD_A10F,Sentinel-1A,2025-11-04 10:58:49+00:00,ASCENDING,55,61727,VV+VH,4543.9,0.0
S1A_IW_SLC__1SDV_20251116T105823_20251116T105850_061902_07BD95_0F4C,Sentinel-1A,2025-11-16 10:58:23+00:00,ASCENDING,55,61902,VV+VH,4520.4,11.0
S1A_IW_SLC__1SDV_20251116T105848_20251116T105915_061902_07BD95_0849,Sentinel-1A,2025-11-16 10:58:48+00:00,ASCENDING,55,61902,VV+VH,4538.3,0.0
S1A_IW_SLC__1SDV_20251128T105821_20251128T105849_062077_07C46D_C738,Sentinel-1A,2025-11-28 10:58:21+00:00,ASCENDING,55,62077,VV+VH,4667.2,11.0
S1A_IW_SLC__1SDV_20251128T105847_20251128T105914_062077_07C46D_2572,Sentinel-1A,2025-11-28 10:58:47+00:00,ASCENDING,55,62077,VV+VH,4507.9,0.0
S1A_IW_SLC__1SDV_20251210T105821_20251210T105848_062252_07CB4A_3077,Sentinel-1A,2025-12-10 10:58:21+00:00,ASCENDING,55,62252,VV+VH,4504.3,11.0
S1A_IW_SLC__1SDV_20251210T105846_20251210T105913_062252_07CB4A_01F3,Sentinel-1A,2025-12-10 10:58:46+00:00,ASCENDING,55,62252,VV+VH,4508.8,0.0
S1A_IW_SLC__1SDV_20251222T105819_20251222T105847_062427_07D20F_C6AA,Sentinel-1A,2025-12-22 10:58:19+00:00,ASCENDING,55,62427,VV+VH,4691.2,11.0
S1A_IW_SLC__1SDV_20251222T105844_20251222T105911_062427_07D20F_3DE6,Sentinel-1A,2025-12-22 10:58:44+00:00,ASCENDING,55,62427,VV+VH,4526.7,0.0
S1A_IW_SLC__1SDV_20260103T105818_20260103T105845_062602_07D8D1_57D6,Sentinel-1A,2026-01-03 10:58:18+00:00,ASCENDING,55,62602,VV+VH,4486.6,11.0
S1A_IW_SLC__1SDV_20260103T105843_20260103T105910_062602_07D8D1_4525,Sentinel-1A,2026-01-03 10:58:43+00:00,ASCENDING,55,62602,VV+VH,4505.3,0.0
S1A_IW_SLC__1SDV_20260115T105817_20260115T105844_062777_07DF91_9DAA,Sentinel-1A,2026-01-15 10:58:17+00:00,ASCENDING,55,62777,VV+VH,4491.9,11.0
S1A_IW_SLC__1SDV_20260115T105842_20260115T105909_062777_07DF91_21DE,Sentinel-1A,2026-01-15 10:58:42+00:00,ASCENDING,55,62777,VV+VH,4512.6,0.0
S1A_IW_SLC__1SDV_20260208T105816_20260208T105843_063127_07EC77_E798,Sentinel-1A,2026-02-08 10:58:16+00:00,ASCENDING,55,63127,VV+VH,4512.9,23.0
S1A_IW_SLC__1SDV_20260208T105841_20260208T105908_063127_07EC77_4615,Sentinel-1A,2026-02-08 10:58:41+00:00,ASCENDING,55,63127,VV+VH,4491.8,0.0
S1A_IW_SLC__1SDV_20260304T105815_20260304T105842_063477_07F9B2_048F,Sentinel-1A,2026-03-04 10:58:15+00:00,ASCENDING,55,63477,VV+VH,4489.8,23.0
S1A_IW_SLC__1SDV_20260304T105840_20260304T105907_063477_07F9B2_C194,Sentinel-1A,2026-03-04 10:58:40+00:00,ASCENDING,55,63477,VV+VH,4501.9,0.0
S1A_IW_SLC__1SDV_20260328T105815_20260328T105842_063827_0806D4_9605,Sentinel-1A,2026-03-28 10:58:15+00:00,ASCENDING,55,63827,VV+VH,4497.5,23.0
S1A_IW_SLC__1SDV_20260328T105840_20260328T105907_063827_0806D4_7003,Sentinel-1A,2026-03-28 10:58:40+00:00,ASCENDING,55,63827,VV+VH,4527.8,0.0
S1A_IW_SLC__1SDV_20260421T105816_20260421T105843_064177_0813E7_44AC,Sentinel-1A,2026-04-21 10:58:16+00:00,ASCENDING,55,64177,VV+VH,4512.6,23.0
S1A_IW_SLC__1SDV_20260421T105840_20260421T105907_064177_0813E7_139B,Sentinel-1A,2026-04-21 10:58:40+00:00,ASCENDING,55,64177,VV+VH,4542.0,0.0
S1A_IW_SLC__1SDV_20260503T105815_20260503T105842_064352_081A64_AAC9,Sentinel-1A,2026-05-03 10:58:15+00:00,ASCENDING,55,64352,VV+VH,4564.4,11.0
S1A_IW_SLC__1SDV_20260503T105840_20260503T105907_064352_081A64_1BD7,Sentinel-1A,2026-05-03 10:58:40+00:00,ASCENDING,55,64352,VV+VH,4579.5,0.0
S1A_IW_SLC__1SDV_20260515T105815_20260515T105842_064527_0820A0_DF6C,Sentinel-1A,2026-05-15 10:58:15+00:00,ASCENDING,55,64527,VV+VH,4519.6,11.0
S1A_IW_SLC__1SDV_20260515T105840_20260515T105907_064527_0820A0_3C24,Sentinel-1A,2026-05-15 10:58:40+00:00,ASCENDING,55,64527,VV+VH,4548.3,0.0
S1A_IW_SLC__1SDV_20260527T105814_20260527T105841_064702_0826BD_E267,Sentinel-1A,2026-05-27 10:58:14+00:00,ASCENDING,55,64702,VV+VH,4536.4,11.0
S1A_IW_SLC__1SDV_20260527T105839_20260527T105906_064702_0826BD_2232,Sentinel-1A,2026-05-27 10:58:39+00:00,ASCENDING,55,64702,VV+VH,4560.9,0.0
S1A_IW_SLC__1SSV_20141026T110555_20141026T110623_003000_0036AB_FE2D,Sentinel-1A,2014-10-26 11:05:55+00:00,ASCENDING,128,3000,VV,2504.1,
S1A_IW_SLC__1SSV_20141213T110554_20141213T110622_003700_00464A_2DC7,Sentinel-1A,2014-12-13 11:05:54+00:00,ASCENDING,128,3700,VV,2489.6,47.0
S1A_IW_SLC__1SSV_20150106T110553_20150106T110621_004050_004E30_C809,Sentinel-1A,2015-01-06 11:05:53+00:00,ASCENDING,128,4050,VV,2494.5,23.0
S1A_IW_SLC__1SSV_20150130T110553_20150130T110620_004400_005601_721B,Sentinel-1A,2015-01-30 11:05:53+00:00,ASCENDING,128,4400,VV,2494.3,24.0
S1A_IW_SLC__1SSV_20150223T110552_20150223T110620_004750_005E2B_7F7D,Sentinel-1A,2015-02-23 11:05:52+00:00,ASCENDING,128,4750,VV,2497.5,23.0
S1A_IW_SLC__1SSV_20150319T110553_20150319T110620_005100_0066A0_237F,Sentinel-1A,2015-03-19 11:05:53+00:00,ASCENDING,128,5100,VV,2492.8,24.0
S1A_IW_SLC__1SSV_20150412T110553_20150412T110621_005450_006F2C_6A7D,Sentinel-1A,2015-04-12 11:05:53+00:00,ASCENDING,128,5450,VV,2500.5,24.0
S1A_IW_SLC__1SSV_20150530T110556_20150530T110623_006150_007FDC_0E30,Sentinel-1A,2015-05-30 11:05:56+00:00,ASCENDING,128,6150,VV,2441.0,48.0
S1A_IW_SLC__1SSV_20150623T110558_20150623T110627_006500_008A02_1423,Sentinel-1A,2015-06-23 11:05:58+00:00,ASCENDING,128,6500,VV,2716.1,24.0
S1A_IW_SLC__1SSV_20150717T110558_20150717T110628_006850_0093C0_F2DE,Sentinel-1A,2015-07-17 11:05:58+00:00,ASCENDING,128,6850,VV,2724.6,24.0
S1A_IW_SLC__1SSV_20150903T110600_20150903T110630_007550_00A709_EDB8,Sentinel-1A,2015-09-03 11:06:00+00:00,ASCENDING,128,7550,VV,2730.7,48.0
S1A_IW_SLC__1SSV_20150927T110601_20150927T110631_007900_00B06E_B162,Sentinel-1A,2015-09-27 11:06:01+00:00,ASCENDING,128,7900,VV,2723.0,24.0
S1A_IW_SLC__1SSV_20151021T110601_20151021T110631_008250_00B9EB_6CF8,Sentinel-1A,2015-10-21 11:06:01+00:00,ASCENDING,128,8250,VV,2711.0,24.0
S1A_IW_SLC__1SSV_20151114T110556_20151114T110625_008600_00C345_A5A7,Sentinel-1A,2015-11-14 11:05:56+00:00,ASCENDING,128,8600,VV,2713.2,23.0
S1A_IW_SLC__1SSV_20151208T110555_20151208T110625_008950_00CD27_D0FB,Sentinel-1A,2015-12-08 11:05:55+00:00,ASCENDING,128,8950,VV,2676.8,23.0
S1A_IW_SLC__1SSV_20160101T110554_20160101T110624_009300_00D6F3_7710,Sentinel-1A,2016-01-01 11:05:54+00:00,ASCENDING,128,9300,VV,2674.5,23.0
S1A_IW_SLC__1SSV_20160125T110553_20160125T110623_009650_00E110_344E,Sentinel-1A,2016-01-25 11:05:53+00:00,ASCENDING,128,9650,VV,2671.6,23.0
S1A_IW_SLC__1SSV_20160218T110553_20160218T110623_010000_00EB44_448B,Sentinel-1A,2016-02-18 11:05:53+00:00,ASCENDING,128,10000,VV,2658.8,24.0
S1A_IW_SLC__1SSV_20160406T110554_20160406T110624_010700_00FF4B_AD30,Sentinel-1A,2016-04-06 11:05:54+00:00,ASCENDING,128,10700,VV,2687.4,48.0
S1A_IW_SLC__1SSV_20160430T110555_20160430T110625_011050_010A12_4792,Sentinel-1A,2016-04-30 11:05:55+00:00,ASCENDING,128,11050,VV,2682.3,24.0
S1A_IW_SLC__1SSV_20160524T110556_20160524T110626_011400_011558_2FB9,Sentinel-1A,2016-05-24 11:05:56+00:00,ASCENDING,128,11400,VV,2701.6,24.0
S1A_IW_SLC__1SSV_20160711T110559_20160711T110629_012100_012BB2_8B28,Sentinel-1A,2016-07-11 11:05:59+00:00,ASCENDING,128,12100,VV,2678.6,48.0
S1A_IW_SLC__1SSV_20160804T110600_20160804T110630_012450_013729_1E64,Sentinel-1A,2016-08-04 11:06:00+00:00,ASCENDING,128,12450,VV,2685.4,24.0
S1A_IW_SLC__1SSV_20160828T110601_20160828T110631_012800_0142D8_392F,Sentinel-1A,2016-08-28 11:06:01+00:00,ASCENDING,128,12800,VV,2710.4,24.0
S1A_IW_SLC__1SSV_20160921T110602_20160921T110632_013150_014E50_5D0B,Sentinel-1A,2016-09-21 11:06:02+00:00,ASCENDING,128,13150,VV,2670.9,24.0
S1A_IW_SLC__1SSV_20161015T110602_20161015T110632_013500_015976_4D02,Sentinel-1A,2016-10-15 11:06:02+00:00,ASCENDING,128,13500,VV,2677.8,24.0
S1A_IW_SLC__1SSV_20161108T110602_20161108T110632_013850_01645F_BF87,Sentinel-1A,2016-11-08 11:06:02+00:00,ASCENDING,128,13850,VV,2681.3,24.0
S1A_IW_SLC__1SSV_20161202T110602_20161202T110632_014200_016F27_F136,Sentinel-1A,2016-12-02 11:06:02+00:00,ASCENDING,128,14200,VV,2654.1,24.0
S1A_IW_SLC__1SSV_20161226T110601_20161226T110631_014550_017A28_894E,Sentinel-1A,2016-12-26 11:06:01+00:00,ASCENDING,128,14550,VV,2653.6,23.0
S1A_IW_SLC__1SSV_20170119T110559_20170119T110629_014900_0184F8_2320,Sentinel-1A,2017-01-19 11:05:59+00:00,ASCENDING,128,14900,VV,2669.0,23.0
S1A_IW_SLC__1SDV_20170224T110558_20170224T110628_015425_01951C_5991,Sentinel-1A,2017-02-24 11:05:58+00:00,ASCENDING,128,15425,VV+VH,5015.5,35.0
S1A_IW_SLC__1SDV_20170308T110558_20170308T110626_015600_019A69_0D83,Sentinel-1A,2017-03-08 11:05:58+00:00,ASCENDING,128,15600,VV+VH,4737.3,12.0
S1A_IW_SLC__1SDV_20170308T110624_20170308T110651_015600_019A69_C0A7,Sentinel-1A,2017-03-08 11:06:24+00:00,ASCENDING,128,15600,VV+VH,4548.6,0.0
S1A_IW_SLC__1SDV_20170320T110617_20170320T110644_015775_019F9F_1B61,Sentinel-1A,2017-03-20 11:06:17+00:00,ASCENDING,128,15775,VV+VH,4607.0,11.0
S1A_IW_SLC__1SDV_20170401T110617_20170401T110644_015950_01A4D2_A9B6,Sentinel-1A,2017-04-01 11:06:17+00:00,ASCENDING,128,15950,VV+VH,4592.0,12.0
S1A_IW_SLC__1SDV_20170413T110618_20170413T110645_016125_01AA1F_EC6C,Sentinel-1A,2017-04-13 11:06:18+00:00,ASCENDING,128,16125,VV+VH,4579.3,12.0
S1A_IW_SLC__1SDV_20170425T110618_20170425T110645_016300_01AF7E_FBA1,Sentinel-1A,2017-04-25 11:06:18+00:00,ASCENDING,128,16300,VV+VH,4606.6,12.0
S1A_IW_SLC__1SDV_20170507T110619_20170507T110646_016475_01B4C9_DBC7,Sentinel-1A,2017-05-07 11:06:19+00:00,ASCENDING,128,16475,VV+VH,4591.9,12.0
S1A_IW_SLC__1SDV_20170519T110620_20170519T110647_016650_01BA25_CA7E,Sentinel-1A,2017-05-19 11:06:20+00:00,ASCENDING,128,16650,VV+VH,4672.0,12.0
S1A_IW_SLC__1SDV_20170531T110620_20170531T110647_016825_01BF8E_36D9,Sentinel-1A,2017-05-31 11:06:20+00:00,ASCENDING,128,16825,VV+VH,4613.0,12.0
S1A_IW_SLC__1SDV_20170612T110621_20170612T110648_017000_01C4F9_79FF,Sentinel-1A,2017-06-12 11:06:21+00:00,ASCENDING,128,17000,VV+VH,4641.9,12.0
S1A_IW_SLC__1SDV_20170624T110622_20170624T110649_017175_01CA50_3C00,Sentinel-1A,2017-06-24 11:06:22+00:00,ASCENDING,128,17175,VV+VH,4646.0,12.0
S1A_IW_SLC__1SDV_20170706T110622_20170706T110649_017350_01CF93_2107,Sentinel-1A,2017-07-06 11:06:22+00:00,ASCENDING,128,17350,VV+VH,4644.8,12.0
S1A_IW_SLC__1SDV_20170718T110623_20170718T110650_017525_01D4ED_91D8,Sentinel-1A,2017-07-18 11:06:23+00:00,ASCENDING,128,17525,VV+VH,4648.9,12.0
S1A_IW_SLC__1SDV_20170730T110624_20170730T110651_017700_01DA46_291A,Sentinel-1A,2017-07-30 11:06:24+00:00,ASCENDING,128,17700,VV+VH,4643.2,12.0
S1A_IW_SLC__1SDV_20170811T110625_20170811T110652_017875_01DF9A_1DBA,Sentinel-1A,2017-08-11 11:06:25+00:00,ASCENDING,128,17875,VV+VH,4644.9,12.0
S1A_IW_SLC__1SDV_20170823T110625_20170823T110652_018050_01E4EA_BC35,Sentinel-1A,2017-08-23 11:06:25+00:00,ASCENDING,128,18050,VV+VH,4659.3,12.0
S1A_IW_SLC__1SDV_20170904T110626_20170904T110653_018225_01EA34_AE93,Sentinel-1A,2017-09-04 11:06:26+00:00,ASCENDING,128,18225,VV+VH,4647.3,12.0
S1A_IW_SLC__1SDV_20170916T110626_20170916T110653_018400_01EFA8_42F9,Sentinel-1A,2017-09-16 11:06:26+00:00,ASCENDING,128,18400,VV+VH,4663.9,12.0
S1A_IW_SLC__1SDV_20170928T110626_20170928T110653_018575_01F4FE_254A,Sentinel-1A,2017-09-28 11:06:26+00:00,ASCENDING,128,18575,VV+VH,4641.6,12.0
S1A_IW_SLC__1SDV_20171010T110627_20171010T110654_018750_01FA53_54B8,Sentinel-1A,2017-10-10 11:06:27+00:00,ASCENDING,128,18750,VV+VH,4674.1,12.0
S1A_IW_SLC__1SDV_20171022T110627_20171022T110654_018925_01FFB6_E1E8,Sentinel-1A,2017-10-22 11:06:27+00:00,ASCENDING,128,18925,VV+VH,4635.7,12.0
S1A_IW_SLC__1SDV_20171103T110627_20171103T110654_019100_020508_999B,Sentinel-1A,2017-11-03 11:06:27+00:00,ASCENDING,128,19100,VV+VH,4614.3,12.0
S1A_IW_SLC__1SDV_20171115T110626_20171115T110653_019275_020A7E_0A50,Sentinel-1A,2017-11-15 11:06:26+00:00,ASCENDING,128,19275,VV+VH,4623.1,11.0
S1A_IW_SLC__1SDV_20171127T110626_20171127T110653_019450_021000_BCAE,Sentinel-1A,2017-11-27 11:06:26+00:00,ASCENDING,128,19450,VV+VH,4599.1,12.0
S1A_IW_SLC__1SDV_20171209T110626_20171209T110653_019625_021579_3734,Sentinel-1A,2017-12-09 11:06:26+00:00,ASCENDING,128,19625,VV+VH,4590.3,12.0
S1A_IW_SLC__1SDV_20171221T110625_20171221T110652_019800_021AE4_EEB0,Sentinel-1A,2017-12-21 11:06:25+00:00,ASCENDING,128,19800,VV+VH,4575.8,11.0
S1A_IW_SLC__1SDV_20180102T110625_20180102T110652_019975_022063_FD77,Sentinel-1A,2018-01-02 11:06:25+00:00,ASCENDING,128,19975,VV+VH,4625.8,12.0
S1A_IW_SLC__1SDV_20180114T110624_20180114T110651_020150_0225E9_F048,Sentinel-1A,2018-01-14 11:06:24+00:00,ASCENDING,128,20150,VV+VH,4579.7,11.0
S1A_IW_SLC__1SDV_20180126T110624_20180126T110651_020325_022B73_4D4F,Sentinel-1A,2018-01-26 11:06:24+00:00,ASCENDING,128,20325,VV+VH,4615.5,12.0
S1A_IW_SLC__1SDV_20180207T110624_20180207T110651_020500_02310C_B721,Sentinel-1A,2018-02-07 11:06:24+00:00,ASCENDING,128,20500,VV+VH,4559.4,12.0
S1A_IW_SLC__1SDV_20180219T110623_20180219T110650_020675_0236A0_7017,Sentinel-1A,2018-02-19 11:06:23+00:00,ASCENDING,128,20675,VV+VH,4603.7,11.0
S1A_IW_SLC__1SDV_20180303T110623_20180303T110650_020850_023C2C_8070,Sentinel-1A,2018-03-03 11:06:23+00:00,ASCENDING,128,20850,VV+VH,4604.0,12.0
S1A_IW_SLC__1SDV_20180315T110624_20180315T110651_021025_0241B8_069E,Sentinel-1A,2018-03-15 11:06:24+00:00,ASCENDING,128,21025,VV+VH,4593.3,12.0
S1A_IW_SLC__1SDV_20180327T110624_20180327T110651_021200_024748_DD47,Sentinel-1A,2018-03-27 11:06:24+00:00,ASCENDING,128,21200,VV+VH,4616.9,12.0
S1A_IW_SLC__1SDV_20180408T110624_20180408T110651_021375_024CC1_0652,Sentinel-1A,2018-04-08 11:06:24+00:00,ASCENDING,128,21375,VV+VH,4581.4,12.0
S1A_IW_SLC__1SDV_20180420T110625_20180420T110652_021550_025236_21E6,Sentinel-1A,2018-04-20 11:06:25+00:00,ASCENDING,128,21550,VV+VH,4604.5,12.0
S1A_IW_SLC__1SDV_20180502T110625_20180502T110652_021725_0257B8_778A,Sentinel-1A,2018-05-02 11:06:25+00:00,ASCENDING,128,21725,VV+VH,4675.4,12.0
S1A_IW_SLC__1SDV_20180514T110626_20180514T110653_021900_025D56_1E34,Sentinel-1A,2018-05-14 11:06:26+00:00,ASCENDING,128,21900,VV+VH,4627.4,12.0
S1A_IW_SLC__1SDV_20180526T110627_20180526T110653_022075_0262DC_B68F,Sentinel-1A,2018-05-26 11:06:27+00:00,ASCENDING,128,22075,VV+VH,4621.2,12.0
S1A_IW_SLC__1SDV_20180607T110627_20180607T110654_022250_02685C_4A2A,Sentinel-1A,2018-06-07 11:06:27+00:00,ASCENDING,128,22250,VV+VH,4630.7,12.0
S1A_IW_SLC__1SDV_20180619T110628_20180619T110655_022425_026DBF_7902,Sentinel-1A,2018-06-19 11:06:28+00:00,ASCENDING,128,22425,VV+VH,4638.4,12.0
S1A_IW_SLC__1SDV_20180701T110629_20180701T110656_022600_0272D8_DD6D,Sentinel-1A,2018-07-01 11:06:29+00:00,ASCENDING,128,22600,VV+VH,4637.0,12.0
S1A_IW_SLC__1SDV_20180713T110629_20180713T110656_022775_02780D_E16D,Sentinel-1A,2018-07-13 11:06:29+00:00,ASCENDING,128,22775,VV+VH,4634.7,12.0
S1A_IW_SLC__1SDV_20180725T110630_20180725T110657_022950_027D94_0561,Sentinel-1A,2018-07-25 11:06:30+00:00,ASCENDING,128,22950,VV+VH,4650.4,12.0
S1A_IW_SLC__1SDV_20180806T110631_20180806T110658_023125_028306_298F,Sentinel-1A,2018-08-06 11:06:31+00:00,ASCENDING,128,23125,VV+VH,4642.1,12.0
S1A_IW_SLC__1SDV_20180818T110632_20180818T110658_023300_0288B3_D6D8,Sentinel-1A,2018-08-18 11:06:32+00:00,ASCENDING,128,23300,VV+VH,4640.2,12.0
S1B_IW_SLC__1SDV_20180824T110546_20180824T110618_012404_016DEB_599F,Sentinel-1B,2018-08-24 11:05:46+00:00,ASCENDING,128,12404,VV+VH,5490.2,5.0
S1A_IW_SLC__1SDV_20180830T110632_20180830T110659_023475_028E3F_011F,Sentinel-1A,2018-08-30 11:06:32+00:00,ASCENDING,128,23475,VV+VH,4660.3,6.0
S1A_IW_SLC__1SDV_20180911T110633_20180911T110700_023650_0293DC_924D,Sentinel-1A,2018-09-11 11:06:33+00:00,ASCENDING,128,23650,VV+VH,4622.1,12.0
S1A_IW_SLC__1SDV_20180923T110633_20180923T110700_023825_02998E_9E3E,Sentinel-1A,2018-09-23 11:06:33+00:00,ASCENDING,128,23825,VV+VH,4626.7,12.0
S1A_IW_SLC__1SDV_20181005T110633_20181005T110700_024000_029F46_2B2D,Sentinel-1A,2018-10-05 11:06:33+00:00,ASCENDING,128,24000,VV+VH,4613.1,12.0
S1A_IW_SLC__1SDV_20181017T110633_20181017T110700_024175_02A4FE_19E8,Sentinel-1A,2018-10-17 11:06:33+00:00,ASCENDING,128,24175,VV+VH,4640.4,12.0
S1A_IW_SLC__1SDV_20181029T110633_20181029T110700_024350_02AA9C_3E94,Sentinel-1A,2018-10-29 11:06:33+00:00,ASCENDING,128,24350,VV+VH,4642.5,12.0
S1A_IW_SLC__1SDV_20181110T110633_20181110T110700_024525_02B0E3_7090,Sentinel-1A,2018-11-10 11:06:33+00:00,ASCENDING,128,24525,VV+VH,4618.6,12.0
S1A_IW_SLC__1SDV_20181122T110633_20181122T110700_024700_02B754_1321,Sentinel-1A,2018-11-22 11:06:33+00:00,ASCENDING,128,24700,VV+VH,4596.5,12.0
S1A_IW_SLC__1SDV_20181204T110633_20181204T110700_024875_02BD4E_9E16,Sentinel-1A,2018-12-04 11:06:33+00:00,ASCENDING,128,24875,VV+VH,4616.4,12.0
S1A_IW_SLC__1SDV_20181216T110632_20181216T110659_025050_02C38F_10EE,Sentinel-1A,2018-12-16 11:06:32+00:00,ASCENDING,128,25050,VV+VH,4594.3,11.0
S1A_IW_SLC__1SDV_20181228T110632_20181228T110659_025225_02C9EA_CE39,Sentinel-1A,2018-12-28 11:06:32+00:00,ASCENDING,128,25225,VV+VH,4595.8,12.0
S1A_IW_SLC__1SDV_20190109T110631_20190109T110658_025400_02D034_9BF8,Sentinel-1A,2019-01-09 11:06:31+00:00,ASCENDING,128,25400,VV+VH,4635.3,11.0
S1A_IW_SLC__1SDV_20190121T110631_20190121T110658_025575_02D693_9F37,Sentinel-1A,2019-01-21 11:06:31+00:00,ASCENDING,128,25575,VV+VH,4601.3,12.0
S1A_IW_SLC__1SDV_20190202T110630_20190202T110657_025750_02DCF5_A90C,Sentinel-1A,2019-02-02 11:06:30+00:00,ASCENDING,128,25750,VV+VH,4602.3,11.0
S1A_IW_SLC__1SDV_20190214T110630_20190214T110657_025925_02E324_9A2C,Sentinel-1A,2019-02-14 11:06:30+00:00,ASCENDING,128,25925,VV+VH,4609.6,12.0
S1A_IW_SLC__1SDV_20190226T110630_20190226T110657_026100_02E96C_EEB2,Sentinel-1A,2019-02-26 11:06:30+00:00,ASCENDING,128,26100,VV+VH,4593.8,12.0
S1A_IW_SLC__1SDV_20190310T110630_20190310T110657_026275_02EFBA_6A48,Sentinel-1A,2019-03-10 11:06:30+00:00,ASCENDING,128,26275,VV+VH,4602.7,12.0
S1A_IW_SLC__1SDV_20190322T110630_20190322T110657_026450_02F629_915D,Sentinel-1A,2019-03-22 11:06:30+00:00,ASCENDING,128,26450,VV+VH,4609.9,12.0
S1A_IW_SLC__1SDV_20190403T110630_20190403T110657_026625_02FCA5_6609,Sentinel-1A,2019-04-03 11:06:30+00:00,ASCENDING,128,26625,VV+VH,4625.9,12.0
S1A_IW_SLC__1SDV_20190415T110631_20190415T110658_026800_030303_54C7,Sentinel-1A,2019-04-15 11:06:31+00:00,ASCENDING,128,26800,VV+VH,4640.8,12.0
S1A_IW_SLC__1SDV_20190427T110631_20190427T110658_026975_030954_A85C,Sentinel-1A,2019-04-27 11:06:31+00:00,ASCENDING,128,26975,VV+VH,4593.0,12.0
S1A_IW_SLC__1SDV_20190509T110632_20190509T110659_027150_030F7D_409A,Sentinel-1A,2019-05-09 11:06:32+00:00,ASCENDING,128,27150,VV+VH,4623.4,12.0
S1A_IW_SLC__1SDV_20190521T110632_20190521T110659_027325_0314F7_4C42,Sentinel-1A,2019-05-21 11:06:32+00:00,ASCENDING,128,27325,VV+VH,4604.3,12.0
S1A_IW_SLC__1SDV_20190602T110633_20190602T110700_027500_031A67_43F8,Sentinel-1A,2019-06-02 11:06:33+00:00,ASCENDING,128,27500,VV+VH,4633.7,12.0
S1A_IW_SLC__1SDV_20190614T110633_20190614T110700_027675_031FB3_9942,Sentinel-1A,2019-06-14 11:06:33+00:00,ASCENDING,128,27675,VV+VH,4636.3,12.0
S1A_IW_SLC__1SDV_20190626T110634_20190626T110701_027850_0324ED_C4E0,Sentinel-1A,2019-06-26 11:06:34+00:00,ASCENDING,128,27850,VV+VH,4633.7,12.0
S1A_IW_SLC__1SDV_20190708T110635_20190708T110702_028025_032A40_A99A,Sentinel-1A,2019-07-08 11:06:35+00:00,ASCENDING,128,28025,VV+VH,4638.7,12.0
S1A_IW_SLC__1SDV_20190720T110636_20190720T110703_028200_032F86_3DDD,Sentinel-1A,2019-07-20 11:06:36+00:00,ASCENDING,128,28200,VV+VH,4635.1,12.0
S1A_IW_SLC__1SDV_20190801T110637_20190801T110703_028375_0334DE_8A66,Sentinel-1A,2019-08-01 11:06:37+00:00,ASCENDING,128,28375,VV+VH,4654.8,12.0
S1A_IW_SLC__1SDV_20190813T110638_20190813T110705_028550_033A8E_0406,Sentinel-1A,2019-08-13 11:06:38+00:00,ASCENDING,128,28550,VV+VH,4631.6,12.0
S1A_IW_SLC__1SDV_20190825T110638_20190825T110705_028725_034098_A9BF,Sentinel-1A,2019-08-25 11:06:38+00:00,ASCENDING,128,28725,VV+VH,4624.2,12.0
S1A_IW_SLC__1SDV_20190906T110639_20190906T110706_028900_0346B3_7A37,Sentinel-1A,2019-09-06 11:06:39+00:00,ASCENDING,128,28900,VV+VH,4625.2,12.0
S1A_IW_SLC__1SDV_20190918T110639_20190918T110706_029075_034CC1_ABED,Sentinel-1A,2019-09-18 11:06:39+00:00,ASCENDING,128,29075,VV+VH,4643.1,12.0
S1A_IW_SLC__1SDV_20190930T110640_20190930T110707_029250_0352C9_162B,Sentinel-1A,2019-09-30 11:06:40+00:00,ASCENDING,128,29250,VV+VH,4613.5,12.0
S1A_IW_SLC__1SDV_20191012T110640_20191012T110707_029425_0358CA_9C1C,Sentinel-1A,2019-10-12 11:06:40+00:00,ASCENDING,128,29425,VV+VH,4659.8,12.0
S1A_IW_SLC__1SDV_20191024T110640_20191024T110706_029600_035ECB_48F5,Sentinel-1A,2019-10-24 11:06:40+00:00,ASCENDING,128,29600,VV+VH,4631.9,12.0
S1A_IW_SLC__1SDV_20191105T110640_20191105T110707_029775_0364EE_9DCE,Sentinel-1A,2019-11-05 11:06:40+00:00,ASCENDING,128,29775,VV+VH,4608.4,12.0
S1A_IW_SLC__1SDV_20191117T110640_20191117T110706_029950_036B11_A96D,Sentinel-1A,2019-11-17 11:06:40+00:00,ASCENDING,128,29950,VV+VH,4610.7,12.0
S1A_IW_SLC__1SDV_20191129T110639_20191129T110706_030125_037122_13A2,Sentinel-1A,2019-11-29 11:06:39+00:00,ASCENDING,128,30125,VV+VH,4573.7,11.0
S1A_IW_SLC__1SDV_20191211T110639_20191211T110706_030300_037728_0886,Sentinel-1A,2019-12-11 11:06:39+00:00,ASCENDING,128,30300,VV+VH,4548.2,12.0
S1A_IW_SLC__1SDV_20191223T110638_20191223T110705_030475_037D34_1C1C,Sentinel-1A,2019-12-23 11:06:38+00:00,ASCENDING,128,30475,VV+VH,4580.5,11.0
S1A_IW_SLC__1SDV_20200104T110638_20200104T110705_030650_03833D_6509,Sentinel-1A,2020-01-04 11:06:38+00:00,ASCENDING,128,30650,VV+VH,4588.1,12.0
S1A_IW_SLC__1SDV_20200116T110637_20200116T110704_030825_03895B_1281,Sentinel-1A,2020-01-16 11:06:37+00:00,ASCENDING,128,30825,VV+VH,4574.0,11.0
S1A_IW_SLC__1SDV_20200128T110637_20200128T110704_031000_038F86_1497,Sentinel-1A,2020-01-28 11:06:37+00:00,ASCENDING,128,31000,VV+VH,4552.8,12.0
S1A_IW_SLC__1SDV_20200209T110636_20200209T110703_031175_03959E_E6A9,Sentinel-1A,2020-02-09 11:06:36+00:00,ASCENDING,128,31175,VV+VH,4615.2,11.0
S1A_IW_SLC__1SDV_20200221T110636_20200221T110703_031350_039BA2_26BC,Sentinel-1A,2020-02-21 11:06:36+00:00,ASCENDING,128,31350,VV+VH,4597.1,12.0
S1A_IW_SLC__1SDV_20200304T110636_20200304T110703_031525_03A1B2_70DB,Sentinel-1A,2020-03-04 11:06:36+00:00,ASCENDING,128,31525,VV+VH,4610.7,12.0
S1A_IW_SLC__1SDV_20200316T110636_20200316T110703_031700_03A7C0_DC24,Sentinel-1A,2020-03-16 11:06:36+00:00,ASCENDING,128,31700,VV+VH,4611.9,12.0
S1A_IW_SLC__1SDV_20200328T110637_20200328T110703_031875_03ADE8_6FD8,Sentinel-1A,2020-03-28 11:06:37+00:00,ASCENDING,128,31875,VV+VH,4618.9,12.0
S1A_IW_SLC__1SDV_20200409T110637_20200409T110704_032050_03B419_B206,Sentinel-1A,2020-04-09 11:06:37+00:00,ASCENDING,128,32050,VV+VH,4607.8,12.0
S1A_IW_SLC__1SDV_20200421T110637_20200421T110704_032225_03BA3D_01DC,Sentinel-1A,2020-04-21 11:06:37+00:00,ASCENDING,128,32225,VV+VH,4611.3,12.0
S1A_IW_SLC__1SDV_20200503T110638_20200503T110705_032400_03C066_231E,Sentinel-1A,2020-05-03 11:06:38+00:00,ASCENDING,128,32400,VV+VH,4614.4,12.0
S1A_IW_SLC__1SDV_20200515T110639_20200515T110706_032575_03C5E7_8229,Sentinel-1A,2020-05-15 11:06:39+00:00,ASCENDING,128,32575,VV+VH,4612.0,12.0
S1A_IW_SLC__1SDV_20200527T110639_20200527T110706_032750_03CB35_4E42,Sentinel-1A,2020-05-27 11:06:39+00:00,ASCENDING,128,32750,VV+VH,4623.3,12.0
S1A_IW_SLC__1SDV_20200608T110640_20200608T110707_032925_03D05D_7628,Sentinel-1A,2020-06-08 11:06:40+00:00,ASCENDING,128,32925,VV+VH,4628.1,12.0
S1A_IW_SLC__1SDV_20200620T110641_20200620T110708_033100_03D5AA_F35D,Sentinel-1A,2020-06-20 11:06:41+00:00,ASCENDING,128,33100,VV+VH,4615.5,12.0
S1A_IW_SLC__1SDV_20200702T110641_20200702T110708_033275_03DAF7_3BA2,Sentinel-1A,2020-07-02 11:06:41+00:00,ASCENDING,128,33275,VV+VH,4621.9,12.0
S1A_IW_SLC__1SDV_20200714T110642_20200714T110709_033450_03E04E_A8A0,Sentinel-1A,2020-07-14 11:06:42+00:00,ASCENDING,128,33450,VV+VH,4620.5,12.0
S1A_IW_SLC__1SDV_20200726T110643_20200726T110710_033625_03E5AD_9091,Sentinel-1A,2020-07-26 11:06:43+00:00,ASCENDING,128,33625,VV+VH,4615.2,12.0
S1A_IW_SLC__1SDV_20200807T110644_20200807T110710_033800_03EB2C_AC8A,Sentinel-1A,2020-08-07 11:06:44+00:00,ASCENDING,128,33800,VV+VH,4643.6,12.0
S1A_IW_SLC__1SDV_20200819T110644_20200819T110711_033975_03F152_27E5,Sentinel-1A,2020-08-19 11:06:44+00:00,ASCENDING,128,33975,VV+VH,4648.0,12.0
S1A_IW_SLC__1SDV_20200831T110645_20200831T110712_034150_03F77B_C928,Sentinel-1A,2020-08-31 11:06:45+00:00,ASCENDING,128,34150,VV+VH,4629.5,12.0
S1A_IW_SLC__1SDV_20200912T110645_20200912T110712_034325_03FD9C_F54B,Sentinel-1A,2020-09-12 11:06:45+00:00,ASCENDING,128,34325,VV+VH,4639.8,12.0
S1A_IW_SLC__1SDV_20200924T110646_20200924T110713_034500_0403C8_43AE,Sentinel-1A,2020-09-24 11:06:46+00:00,ASCENDING,128,34500,VV+VH,4652.9,12.0
S1A_IW_SLC__1SDV_20201006T110646_20201006T110713_034675_0409F4_A218,Sentinel-1A,2020-10-06 11:06:46+00:00,ASCENDING,128,34675,VV+VH,4641.6,12.0
S1A_IW_SLC__1SDV_20201018T110646_20201018T110713_034850_041018_6718,Sentinel-1A,2020-10-18 11:06:46+00:00,ASCENDING,128,34850,VV+VH,4615.9,12.0
S1A_IW_SLC__1SDV_20201030T110646_20201030T110713_035025_041602_CFDF,Sentinel-1A,2020-10-30 11:06:46+00:00,ASCENDING,128,35025,VV+VH,4646.7,12.0
S1A_IW_SLC__1SDV_20201111T110646_20201111T110713_035200_041C25_0EAB,Sentinel-1A,2020-11-11 11:06:46+00:00,ASCENDING,128,35200,VV+VH,4598.5,12.0
S1A_IW_SLC__1SDV_20201123T110645_20201123T110712_035375_04222F_268A,Sentinel-1A,2020-11-23 11:06:45+00:00,ASCENDING,128,35375,VV+VH,4605.7,11.0
S1A_IW_SLC__1SDV_20201205T110645_20201205T110712_035550_042836_E456,Sentinel-1A,2020-12-05 11:06:45+00:00,ASCENDING,128,35550,VV+VH,4562.5,12.0
S1A_IW_SLC__1SDV_20201217T110645_20201217T110712_035725_042E3F_77EC,Sentinel-1A,2020-12-17 11:06:45+00:00,ASCENDING,128,35725,VV+VH,4377.7,12.0
S1A_IW_SLC__1SDV_20201229T110644_20201229T110711_035900_043460_DFF0,Sentinel-1A,2020-12-29 11:06:44+00:00,ASCENDING,128,35900,VV+VH,4384.6,11.0
S1A_IW_SLC__1SDV_20210110T110643_20210110T110710_036075_043A78_DD0A,Sentinel-1A,2021-01-10 11:06:43+00:00,ASCENDING,128,36075,VV+VH,4337.5,11.0
S1A_IW_SLC__1SDV_20210122T110643_20210122T110710_036250_044093_FE4A,Sentinel-1A,2021-01-22 11:06:43+00:00,ASCENDING,128,36250,VV+VH,4373.4,12.0
S1A_IW_SLC__1SDV_20210203T110643_20210203T110710_036425_0446A2_6CDC,Sentinel-1A,2021-02-03 11:06:43+00:00,ASCENDING,128,36425,VV+VH,4389.3,12.0
S1A_IW_SLC__1SDV_20210215T110642_20210215T110709_036600_044CC1_651D,Sentinel-1A,2021-02-15 11:06:42+00:00,ASCENDING,128,36600,VV+VH,4393.1,11.0
S1A_IW_SLC__1SDV_20210227T110642_20210227T110709_036775_0452CE_5124,Sentinel-1A,2021-02-27 11:06:42+00:00,ASCENDING,128,36775,VV+VH,4398.4,12.0
S1A_IW_SLC__1SDV_20210311T110642_20210311T110709_036950_0458E7_1030,Sentinel-1A,2021-03-11 11:06:42+00:00,ASCENDING,128,36950,VV+VH,4407.2,12.0
S1A_IW_SLC__1SDV_20210323T110642_20210323T110709_037125_045EFE_F3EB,Sentinel-1A,2021-03-23 11:06:42+00:00,ASCENDING,128,37125,VV+VH,4386.9,12.0
S1A_IW_SLC__1SDV_20210404T110643_20210404T110710_037300_046507_8BE9,Sentinel-1A,2021-04-04 11:06:43+00:00,ASCENDING,128,37300,VV+VH,4433.7,12.0
S1A_IW_SLC__1SDV_20210416T110643_20210416T110710_037475_046B14_FD98,Sentinel-1A,2021-04-16 11:06:43+00:00,ASCENDING,128,37475,VV+VH,4411.5,12.0
S1A_IW_SLC__1SDV_20210428T110643_20210428T110710_037650_047125_C4E2,Sentinel-1A,2021-04-28 11:06:43+00:00,ASCENDING,128,37650,VV+VH,4441.8,12.0
S1A_IW_SLC__1SDV_20210510T110644_20210510T110711_037825_0476E8_FE29,Sentinel-1A,2021-05-10 11:06:44+00:00,ASCENDING,128,37825,VV+VH,4417.8,12.0
S1A_IW_SLC__1SDV_20210522T110645_20210522T110712_038000_047C2F_2041,Sentinel-1A,2021-05-22 11:06:45+00:00,ASCENDING,128,38000,VV+VH,4412.6,12.0
S1A_IW_SLC__1SDV_20210603T110645_20210603T110712_038175_04816B_0F66,Sentinel-1A,2021-06-03 11:06:45+00:00,ASCENDING,128,38175,VV+VH,4427.2,12.0
S1A_IW_SLC__1SDV_20210615T110646_20210615T110713_038350_0486A0_F93C,Sentinel-1A,2021-06-15 11:06:46+00:00,ASCENDING,128,38350,VV+VH,4436.8,12.0
S1A_IW_SLC__1SDV_20210627T110647_20210627T110714_038525_048BDD_CCA2,Sentinel-1A,2021-06-27 11:06:47+00:00,ASCENDING,128,38525,VV+VH,4432.7,12.0
S1A_IW_SLC__1SDV_20210709T110648_20210709T110715_038700_04911E_485A,Sentinel-1A,2021-07-09 11:06:48+00:00,ASCENDING,128,38700,VV+VH,4441.1,12.0
S1A_IW_SLC__1SDV_20210721T110648_20210721T110715_038875_04965F_C7B9,Sentinel-1A,2021-07-21 11:06:48+00:00,ASCENDING,128,38875,VV+VH,4449.6,12.0
S1A_IW_SLC__1SDV_20210802T110649_20210802T110716_039050_049B8F_A9E9,Sentinel-1A,2021-08-02 11:06:49+00:00,ASCENDING,128,39050,VV+VH,4434.5,12.0
S1A_IW_SLC__1SDV_20210814T110650_20210814T110717_039225_04A183_3218,Sentinel-1A,2021-08-14 11:06:50+00:00,ASCENDING,128,39225,VV+VH,4468.6,12.0
S1A_IW_SLC__1SDV_20210826T110650_20210826T110717_039400_04A77B_BF88,Sentinel-1A,2021-08-26 11:06:50+00:00,ASCENDING,128,39400,VV+VH,4430.6,12.0
S1A_IW_SLC__1SDV_20210907T110651_20210907T110718_039575_04AD91_B1C3,Sentinel-1A,2021-09-07 11:06:51+00:00,ASCENDING,128,39575,VV+VH,4422.9,12.0
S1A_IW_SLC__1SDV_20210919T110651_20210919T110718_039750_04B37E_F5A5,Sentinel-1A,2021-09-19 11:06:51+00:00,ASCENDING,128,39750,VV+VH,4433.2,12.0
S1A_IW_SLC__1SDV_20211001T110652_20211001T110719_039925_04B983_9530,Sentinel-1A,2021-10-01 11:06:52+00:00,ASCENDING,128,39925,VV+VH,4438.0,12.0
S1A_IW_SLC__1SDV_20211013T110652_20211013T110719_040100_04BF97_72CB,Sentinel-1A,2021-10-13 11:06:52+00:00,ASCENDING,128,40100,VV+VH,4430.6,12.0
S1A_IW_SLC__1SDV_20211025T110652_20211025T110719_040275_04C5AC_FE71,Sentinel-1A,2021-10-25 11:06:52+00:00,ASCENDING,128,40275,VV+VH,4403.6,12.0
S1A_IW_SLC__1SDV_20211106T110652_20211106T110719_040450_04CBC9_F4E8,Sentinel-1A,2021-11-06 11:06:52+00:00,ASCENDING,128,40450,VV+VH,4436.0,12.0
S1A_IW_SLC__1SDV_20211118T110651_20211118T110718_040625_04D1CE_CFB1,Sentinel-1A,2021-11-18 11:06:51+00:00,ASCENDING,128,40625,VV+VH,4410.7,11.0
S1A_IW_SLC__1SDV_20211130T110651_20211130T110718_040800_04D7E7_4C36,Sentinel-1A,2021-11-30 11:06:51+00:00,ASCENDING,128,40800,VV+VH,4392.9,12.0
S1A_IW_SLC__1SDV_20211212T110650_20211212T110717_040975_04DDF6_C231,Sentinel-1A,2021-12-12 11:06:50+00:00,ASCENDING,128,40975,VV+VH,4391.5,11.0
S1A_IW_SLC__1SDV_20211224T110650_20211224T110717_041150_04E3B8_4CF1,Sentinel-1A,2021-12-24 11:06:50+00:00,ASCENDING,128,41150,VV+VH,4393.3,12.0
S1A_IW_SLC__1SDV_20220105T110649_20220105T110716_041325_04E9B1_BC15,Sentinel-1A,2022-01-05 11:06:49+00:00,ASCENDING,128,41325,VV+VH,4403.2,11.0
S1A_IW_SLC__1SDV_20220117T110649_20220117T110716_041500_04EF67_7B3C,Sentinel-1A,2022-01-17 11:06:49+00:00,ASCENDING,128,41500,VV+VH,4413.9,12.0
S1A_IW_SLC__1SDV_20220129T110648_20220129T110715_041675_04F554_7122,Sentinel-1A,2022-01-29 11:06:48+00:00,ASCENDING,128,41675,VV+VH,4399.6,11.0
S1A_IW_SLC__1SDV_20220210T110648_20220210T110715_041850_04FB70_6DC1,Sentinel-1A,2022-02-10 11:06:48+00:00,ASCENDING,128,41850,VV+VH,4405.8,12.0
S1A_IW_SLC__1SDV_20220306T110648_20220306T110715_042200_050778_96FE,Sentinel-1A,2022-03-06 11:06:48+00:00,ASCENDING,128,42200,VV+VH,4419.0,24.0
S1A_IW_SLC__1SDV_20220318T110648_20220318T110715_042375_050D68_FD68,Sentinel-1A,2022-03-18 11:06:48+00:00,ASCENDING,128,42375,VV+VH,4411.9,12.0
S1A_IW_SLC__1SDV_20220330T110648_20220330T110715_042550_05135E_D096,Sentinel-1A,2022-03-30 11:06:48+00:00,ASCENDING,128,42550,VV+VH,4422.4,12.0
S1A_IW_SLC__1SDV_20220411T110648_20220411T110715_042725_051940_AA5C,Sentinel-1A,2022-04-11 11:06:48+00:00,ASCENDING,128,42725,VV+VH,4390.2,12.0
S1A_IW_SLC__1SDV_20220423T110649_20220423T110716_042900_051F0E_22E5,Sentinel-1A,2022-04-23 11:06:49+00:00,ASCENDING,128,42900,VV+VH,4412.2,12.0
S1A_IW_SLC__1SDV_20220505T110649_20220505T110716_043075_0524D5_8D5B,Sentinel-1A,2022-05-05 11:06:49+00:00,ASCENDING,128,43075,VV+VH,4399.0,12.0
S1A_IW_SLC__1SDV_20220517T110650_20220517T110717_043250_052A51_A7B4,Sentinel-1A,2022-05-17 11:06:50+00:00,ASCENDING,128,43250,VV+VH,4565.0,12.0
S1A_IW_SLC__1SDV_20220529T110651_20220529T110718_043425_052F7E_A53B,Sentinel-1A,2022-05-29 11:06:51+00:00,ASCENDING,128,43425,VV+VH,4595.3,12.0
S1A_IW_SLC__1SDV_20220610T110652_20220610T110719_043600_0534AA_A8DB,Sentinel-1A,2022-06-10 11:06:52+00:00,ASCENDING,128,43600,VV+VH,4625.2,12.0
S1A_IW_SLC__1SDV_20220622T110653_20220622T110720_043775_0539EB_A986,Sentinel-1A,2022-06-22 11:06:53+00:00,ASCENDING,128,43775,VV+VH,4580.8,12.0
S1A_IW_SLC__1SDV_20220704T110654_20220704T110720_043950_053F1C_A344,Sentinel-1A,2022-07-04 11:06:54+00:00,ASCENDING,128,43950,VV+VH,4593.9,12.0
S1A_IW_SLC__1SDV_20220716T110654_20220716T110721_044125_054457_87C6,Sentinel-1A,2022-07-16 11:06:54+00:00,ASCENDING,128,44125,VV+VH,4575.7,12.0
S1A_IW_SLC__1SDV_20220728T110655_20220728T110722_044300_054986_358E,Sentinel-1A,2022-07-28 11:06:55+00:00,ASCENDING,128,44300,VV+VH,4579.9,12.0
S1A_IW_SLC__1SDV_20220809T110656_20220809T110723_044475_054EB1_2F9B,Sentinel-1A,2022-08-09 11:06:56+00:00,ASCENDING,128,44475,VV+VH,4583.8,12.0
S1A_IW_SLC__1SDV_20220821T110656_20220821T110723_044650_055495_FA9E,Sentinel-1A,2022-08-21 11:06:56+00:00,ASCENDING,128,44650,VV+VH,4609.3,12.0
S1A_IW_SLC__1SDV_20220902T110657_20220902T110724_044825_055A7C_5A9A,Sentinel-1A,2022-09-02 11:06:57+00:00,ASCENDING,128,44825,VV+VH,4585.2,12.0
S1A_IW_SLC__1SDV_20220914T110658_20220914T110724_045000_05605C_846D,Sentinel-1A,2022-09-14 11:06:58+00:00,ASCENDING,128,45000,VV+VH,4589.0,12.0
S1A_IW_SLC__1SDV_20220926T110657_20220926T110724_045175_056643_F12D,Sentinel-1A,2022-09-26 11:06:57+00:00,ASCENDING,128,45175,VV+VH,4572.5,11.0
S1A_IW_SLC__1SDV_20221008T110658_20221008T110725_045350_056C1D_6F07,Sentinel-1A,2022-10-08 11:06:58+00:00,ASCENDING,128,45350,VV+VH,4583.7,12.0
S1A_IW_SLC__1SDV_20221020T110658_20221020T110725_045525_05715B_FFCA,Sentinel-1A,2022-10-20 11:06:58+00:00,ASCENDING,128,45525,VV+VH,4612.6,12.0
S1A_IW_SLC__1SDV_20221101T110658_20221101T110725_045700_057734_7569,Sentinel-1A,2022-11-01 11:06:58+00:00,ASCENDING,128,45700,VV+VH,4550.7,12.0
S1A_IW_SLC__1SDV_20221113T110657_20221113T110724_045875_057D20_6FC4,Sentinel-1A,2022-11-13 11:06:57+00:00,ASCENDING,128,45875,VV+VH,4544.4,11.0
S1A_IW_SLC__1SDV_20221125T110658_20221125T110724_046050_058307_8B37,Sentinel-1A,2022-11-25 11:06:58+00:00,ASCENDING,128,46050,VV+VH,4587.5,12.0
S1A_IW_SLC__1SDV_20221207T110657_20221207T110724_046225_058903_F754,Sentinel-1A,2022-12-07 11:06:57+00:00,ASCENDING,128,46225,VV+VH,4540.1,11.0
S1A_IW_SLC__1SDV_20221219T110656_20221219T110723_046400_058F00_F839,Sentinel-1A,2022-12-19 11:06:56+00:00,ASCENDING,128,46400,VV+VH,4493.3,11.0
S1A_IW_SLC__1SDV_20221231T110655_20221231T110722_046575_0594E4_CBB8,Sentinel-1A,2022-12-31 11:06:55+00:00,ASCENDING,128,46575,VV+VH,4537.2,11.0
S1A_IW_SLC__1SDV_20230112T110654_20230112T110721_046750_059ACA_E4BC,Sentinel-1A,2023-01-12 11:06:54+00:00,ASCENDING,128,46750,VV+VH,4529.5,11.0
S1A_IW_SLC__1SDV_20230124T110654_20230124T110721_046925_05A0B6_9BE4,Sentinel-1A,2023-01-24 11:06:54+00:00,ASCENDING,128,46925,VV+VH,4495.3,12.0
S1A_IW_SLC__1SDV_20230205T110654_20230205T110721_047100_05A68D_153F,Sentinel-1A,2023-02-05 11:06:54+00:00,ASCENDING,128,47100,VV+VH,4562.7,12.0
S1A_IW_SLC__1SDV_20230217T110653_20230217T110720_047275_05AC71_4751,Sentinel-1A,2023-02-17 11:06:53+00:00,ASCENDING,128,47275,VV+VH,4522.0,11.0
S1A_IW_SLC__1SDV_20230301T110654_20230301T110721_047450_05B260_FCCB,Sentinel-1A,2023-03-01 11:06:54+00:00,ASCENDING,128,47450,VV+VH,4516.0,12.0
S1A_IW_SLC__1SDV_20230313T110653_20230313T110720_047625_05B84C_361D,Sentinel-1A,2023-03-13 11:06:53+00:00,ASCENDING,128,47625,VV+VH,4526.6,11.0
S1A_IW_SLC__1SDV_20230325T110654_20230325T110721_047800_05BE33_D7BF,Sentinel-1A,2023-03-25 11:06:54+00:00,ASCENDING,128,47800,VV+VH,4551.4,12.0
S1A_IW_SLC__1SDV_20230406T110654_20230406T110721_047975_05C415_154D,Sentinel-1A,2023-04-06 11:06:54+00:00,ASCENDING,128,47975,VV+VH,4550.2,12.0
S1A_IW_SLC__1SDV_20230418T110654_20230418T110721_048150_05CA02_9ED4,Sentinel-1A,2023-04-18 11:06:54+00:00,ASCENDING,128,48150,VV+VH,4555.0,12.0
S1A_IW_SLC__1SDV_20230430T110655_20230430T110722_048325_05CFDF_B2D5,Sentinel-1A,2023-04-30 11:06:55+00:00,ASCENDING,128,48325,VV+VH,4546.2,12.0
S1A_IW_SLC__1SDV_20230512T110656_20230512T110723_048500_05D588_AA2D,Sentinel-1A,2023-05-12 11:06:56+00:00,ASCENDING,128,48500,VV+VH,4558.4,12.0
S1A_IW_SLC__1SDV_20230524T110656_20230524T110723_048675_05DAB8_A14F,Sentinel-1A,2023-05-24 11:06:56+00:00,ASCENDING,128,48675,VV+VH,4559.2,12.0
S1A_IW_SLC__1SDV_20230605T110657_20230605T110724_048850_05DFEE_7372,Sentinel-1A,2023-06-05 11:06:57+00:00,ASCENDING,128,48850,VV+VH,4573.0,12.0
S1A_IW_SLC__1SDV_20230816T110701_20230816T110728_049900_060096_CBB9,Sentinel-1A,2023-08-16 11:07:01+00:00,ASCENDING,128,49900,VV+VH,4576.6,72.0
S1A_IW_SLC__1SDV_20230828T110702_20230828T110729_050075_060693_637F,Sentinel-1A,2023-08-28 11:07:02+00:00,ASCENDING,128,50075,VV+VH,4572.2,12.0
S1A_IW_SLC__1SDV_20230909T110702_20230909T110729_050250_060C85_7952,Sentinel-1A,2023-09-09 11:07:02+00:00,ASCENDING,128,50250,VV+VH,4581.0,12.0
S1A_IW_SLC__1SDV_20230921T110702_20230921T110729_050425_061277_AFEC,Sentinel-1A,2023-09-21 11:07:02+00:00,ASCENDING,128,50425,VV+VH,4568.5,12.0
S1A_IW_SLC__1SDV_20231003T110703_20231003T110730_050600_061880_EADA,Sentinel-1A,2023-10-03 11:07:03+00:00,ASCENDING,128,50600,VV+VH,7264.0,12.0
S1A_IW_SLC__1SDV_20231015T110703_20231015T110730_050775_061E83_666A,Sentinel-1A,2023-10-15 11:07:03+00:00,ASCENDING,128,50775,VV+VH,7160.6,12.0
S1A_IW_SLC__1SDV_20231027T110703_20231027T110730_050950_06246F_87A0,Sentinel-1A,2023-10-27 11:07:03+00:00,ASCENDING,128,50950,VV+VH,7413.5,12.0
S1A_IW_SLC__1SDV_20231108T110702_20231108T110729_051125_062A77_B6BA,Sentinel-1A,2023-11-08 11:07:02+00:00,ASCENDING,128,51125,VV+VH,7263.8,11.0
S1A_IW_SLC__1SDV_20231120T110702_20231120T110729_051300_063086_6887,Sentinel-1A,2023-11-20 11:07:02+00:00,ASCENDING,128,51300,VV+VH,7264.0,12.0
S1A_IW_SLC__1SDV_20231202T110702_20231202T110729_051475_063681_CD26,Sentinel-1A,2023-12-02 11:07:02+00:00,ASCENDING,128,51475,VV+VH,7264.0,12.0
S1A_IW_SLC__1SDV_20231214T110701_20231214T110728_051650_063CA4_A9E2,Sentinel-1A,2023-12-14 11:07:01+00:00,ASCENDING,128,51650,VV+VH,7160.6,11.0
S1A_IW_SLC__1SDV_20231226T110700_20231226T110727_051825_0642AD_09BD,Sentinel-1A,2023-12-26 11:07:00+00:00,ASCENDING,128,51825,VV+VH,7413.7,11.0
S1A_IW_SLC__1SDV_20240107T110700_20240107T110727_052000_0648AE_F6A0,Sentinel-1A,2024-01-07 11:07:00+00:00,ASCENDING,128,52000,VV+VH,7263.9,12.0
S1A_IW_SLC__1SDV_20240119T110659_20240119T110726_052175_064E9A_4315,Sentinel-1A,2024-01-19 11:06:59+00:00,ASCENDING,128,52175,VV+VH,7263.9,11.0
S1A_IW_SLC__1SDV_20240131T110659_20240131T110726_052350_065485_EABD,Sentinel-1A,2024-01-31 11:06:59+00:00,ASCENDING,128,52350,VV+VH,7413.7,12.0
S1A_IW_SLC__1SDV_20240212T110659_20240212T110726_052525_065A6A_8B69,Sentinel-1A,2024-02-12 11:06:59+00:00,ASCENDING,128,52525,VV+VH,7413.7,12.0
S1A_IW_SLC__1SDV_20240224T110658_20240224T110725_052700_06605C_01C6,Sentinel-1A,2024-02-24 11:06:58+00:00,ASCENDING,128,52700,VV+VH,7413.8,11.0
S1A_IW_SLC__1SDV_20240307T110658_20240307T110725_052875_066657_67E8,Sentinel-1A,2024-03-07 11:06:58+00:00,ASCENDING,128,52875,VV+VH,7160.3,12.0
S1A_IW_SLC__1SDV_20240319T110659_20240319T110726_053050_066C9B_569E,Sentinel-1A,2024-03-19 11:06:59+00:00,ASCENDING,128,53050,VV+VH,7413.8,12.0
S1A_IW_SLC__1SDV_20240331T110659_20240331T110726_053225_067340_400B,Sentinel-1A,2024-03-31 11:06:59+00:00,ASCENDING,128,53225,VV+VH,7413.8,12.0
S1A_IW_SLC__1SDV_20240412T110658_20240412T110725_053400_067A26_0B45,Sentinel-1A,2024-04-12 11:06:58+00:00,ASCENDING,128,53400,VV+VH,7160.6,11.0
S1A_IW_SLC__1SDV_20240424T110700_20240424T110727_053575_068102_ABF7,Sentinel-1A,2024-04-24 11:07:00+00:00,ASCENDING,128,53575,VV+VH,7264.0,12.0
S1A_IW_SLC__1SDV_20240506T110700_20240506T110727_053750_0687EB_56FF,Sentinel-1A,2024-05-06 11:07:00+00:00,ASCENDING,128,53750,VV+VH,7413.5,12.0
S1A_IW_SLC__1SDV_20240518T110700_20240518T110727_053925_068E04_9C3C,Sentinel-1A,2024-05-18 11:07:00+00:00,ASCENDING,128,53925,VV+VH,7160.6,12.0
S1A_IW_SLC__1SDV_20240611T110659_20240611T110726_054275_069A24_6575,Sentinel-1A,2024-06-11 11:06:59+00:00,ASCENDING,128,54275,VV+VH,7160.7,23.0
S1A_IW_SLC__1SDV_20240623T110659_20240623T110726_054450_06A035_D3FD,Sentinel-1A,2024-06-23 11:06:59+00:00,ASCENDING,128,54450,VV+VH,7160.7,12.0
S1A_IW_SLC__1SDV_20240717T110658_20240717T110725_054800_06AC58_AB18,Sentinel-1A,2024-07-17 11:06:58+00:00,ASCENDING,128,54800,VV+VH,4571.1,23.0
S1A_IW_SLC__1SDV_20240729T110657_20240729T110724_054975_06B275_6174,Sentinel-1A,2024-07-29 11:06:57+00:00,ASCENDING,128,54975,VV+VH,4597.5,11.0
S1A_IW_SLC__1SDV_20240810T110657_20240810T110724_055150_06B897_B19C,Sentinel-1A,2024-08-10 11:06:57+00:00,ASCENDING,128,55150,VV+VH,4593.7,12.0
S1A_IW_SLC__1SDV_20240822T110658_20240822T110725_055325_06BF03_C6BA,Sentinel-1A,2024-08-22 11:06:58+00:00,ASCENDING,128,55325,VV+VH,4588.1,12.0
S1A_IW_SLC__1SDV_20240903T110658_20240903T110725_055500_06C589_B76F,Sentinel-1A,2024-09-03 11:06:58+00:00,ASCENDING,128,55500,VV+VH,4591.3,12.0
S1A_IW_SLC__1SDV_20240915T110659_20240915T110726_055675_06CC74_6EAB,Sentinel-1A,2024-09-15 11:06:59+00:00,ASCENDING,128,55675,VV+VH,4605.1,12.0
S1A_IW_SLC__1SDV_20240927T110658_20240927T110725_055850_06D363_6100,Sentinel-1A,2024-09-27 11:06:58+00:00,ASCENDING,128,55850,VV+VH,4577.9,11.0
S1A_IW_SLC__1SDV_20241009T110659_20241009T110726_056025_06DA43_AD63,Sentinel-1A,2024-10-09 11:06:59+00:00,ASCENDING,128,56025,VV+VH,4570.8,12.0
S1A_IW_SLC__1SDV_20241021T110659_20241021T110726_056200_06E135_3A5E,Sentinel-1A,2024-10-21 11:06:59+00:00,ASCENDING,128,56200,VV+VH,4584.4,12.0
S1A_IW_SLC__1SDV_20241102T110659_20241102T110726_056375_06E826_45FE,Sentinel-1A,2024-11-02 11:06:59+00:00,ASCENDING,128,56375,VV+VH,4558.3,12.0
S1A_IW_SLC__1SDV_20241114T110659_20241114T110726_056550_06EF1A_BFBC,Sentinel-1A,2024-11-14 11:06:59+00:00,ASCENDING,128,56550,VV+VH,4550.1,12.0
S1A_IW_SLC__1SDV_20241126T110658_20241126T110725_056725_06F61E_AC57,Sentinel-1A,2024-11-26 11:06:58+00:00,ASCENDING,128,56725,VV+VH,4521.3,11.0
S1A_IW_SLC__1SDV_20241208T110657_20241208T110724_056900_06FCFA_5B43,Sentinel-1A,2024-12-08 11:06:57+00:00,ASCENDING,128,56900,VV+VH,4537.6,11.0
S1A_IW_SLC__1SDV_20241220T110655_20241220T110722_057075_0703FE_1B68,Sentinel-1A,2024-12-20 11:06:55+00:00,ASCENDING,128,57075,VV+VH,4487.7,11.0
S1A_IW_SLC__1SDV_20250101T110655_20250101T110722_057250_070AE3_7265,Sentinel-1A,2025-01-01 11:06:55+00:00,ASCENDING,128,57250,VV+VH,4512.1,12.0
S1A_IW_SLC__1SDV_20250113T110654_20250113T110720_057425_0711CF_A1ED,Sentinel-1A,2025-01-13 11:06:54+00:00,ASCENDING,128,57425,VV+VH,4487.7,11.0
S1A_IW_SLC__1SDV_20250125T110653_20250125T110720_057600_0718C3_3C40,Sentinel-1A,2025-01-25 11:06:53+00:00,ASCENDING,128,57600,VV+VH,4516.0,11.0
S1A_IW_SLC__1SDV_20250206T110652_20250206T110719_057775_071FB1_9705,Sentinel-1A,2025-02-06 11:06:52+00:00,ASCENDING,128,57775,VV+VH,4522.2,11.0
S1A_IW_SLC__1SDV_20250218T110652_20250218T110719_057950_0726BB_B63D,Sentinel-1A,2025-02-18 11:06:52+00:00,ASCENDING,128,57950,VV+VH,4539.4,12.0
S1A_IW_SLC__1SDV_20250302T110652_20250302T110719_058125_072DDF_C9FE,Sentinel-1A,2025-03-02 11:06:52+00:00,ASCENDING,128,58125,VV+VH,4562.6,12.0
S1A_IW_SLC__1SDV_20250314T110652_20250314T110719_058300_0734F2_E852,Sentinel-1A,2025-03-14 11:06:52+00:00,ASCENDING,128,58300,VV+VH,4549.2,12.0
S1A_IW_SLC__1SDV_20250326T110652_20250326T110719_058475_073BD1_3279,Sentinel-1A,2025-03-26 11:06:52+00:00,ASCENDING,128,58475,VV+VH,4562.2,12.0
S1A_IW_SLC__1SDV_20250407T110652_20250407T110719_058650_0742FB_2945,Sentinel-1A,2025-04-07 11:06:52+00:00,ASCENDING,128,58650,VV+VH,4551.7,12.0
S1A_IW_SLC__1SDV_20250419T110652_20250419T110719_058825_074A22_F893,Sentinel-1A,2025-04-19 11:06:52+00:00,ASCENDING,128,58825,VV+VH,4536.8,12.0
S1A_IW_SLC__1SDV_20250501T110653_20250501T110720_059000_075141_0340,Sentinel-1A,2025-05-01 11:06:53+00:00,ASCENDING,128,59000,VV+VH,4552.0,12.0
S1A_IW_SLC__1SDV_20250712T110649_20250712T110716_060050_0775EC_2E45,Sentinel-1A,2025-07-12 11:06:49+00:00,ASCENDING,128,60050,VV+VH,4598.8,71.0
S1A_IW_SLC__1SDV_20250724T110649_20250724T110716_060225_077BF7_67D6,Sentinel-1A,2025-07-24 11:06:49+00:00,ASCENDING,128,60225,VV+VH,4603.4,12.0
S1C_IW_SLC__1SDV_20250730T110532_20250730T110607_003449_006EDD_D840,Sentinel-1C,2025-07-30 11:05:32+00:00,ASCENDING,128,3449,VV+VH,5911.9,5.0
S1A_IW_SLC__1SDV_20250805T110649_20250805T110716_060400_0781F8_F52B,Sentinel-1A,2025-08-05 11:06:49+00:00,ASCENDING,128,60400,VV+VH,4597.0,6.0
S1A_IW_SLC__1SDV_20250817T110649_20250817T110716_060575_0788CD_73A8,Sentinel-1A,2025-08-17 11:06:49+00:00,ASCENDING,128,60575,VV+VH,4576.9,12.0
S1A_IW_SLC__1SDV_20250829T110649_20250829T110716_060750_078FB1_6514,Sentinel-1A,2025-08-29 11:06:49+00:00,ASCENDING,128,60750,VV+VH,4588.3,12.0
S1A_IW_SLC__1SDV_20250910T110649_20250910T110716_060925_0796AA_F4F7,Sentinel-1A,2025-09-10 11:06:49+00:00,ASCENDING,128,60925,VV+VH,4571.9,12.0
S1A_IW_SLC__1SDV_20250922T110649_20250922T110716_061100_079DAF_EE16,Sentinel-1A,2025-09-22 11:06:49+00:00,ASCENDING,128,61100,VV+VH,4575.5,12.0
S1A_IW_SLC__1SDV_20251004T110649_20251004T110716_061275_07A4BF_8A81,Sentinel-1A,2025-10-04 11:06:49+00:00,ASCENDING,128,61275,VV+VH,4574.5,12.0
S1A_IW_SLC__1SDV_20251016T110650_20251016T110717_061450_07ABC9_3DD2,Sentinel-1A,2025-10-16 11:06:50+00:00,ASCENDING,128,61450,VV+VH,4589.3,12.0
S1A_IW_SLC__1SDV_20251028T110649_20251028T110716_061625_07B2D0_7239,Sentinel-1A,2025-10-28 11:06:49+00:00,ASCENDING,128,61625,VV+VH,4543.3,11.0
S1A_IW_SLC__1SDV_20251109T110649_20251109T110716_061800_07B9A8_0958,Sentinel-1A,2025-11-09 11:06:49+00:00,ASCENDING,128,61800,VV+VH,4607.9,12.0
S1A_IW_SLC__1SDV_20251121T110648_20251121T110715_061975_07C076_3CEB,Sentinel-1A,2025-11-21 11:06:48+00:00,ASCENDING,128,61975,VV+VH,4524.6,11.0
S1A_IW_SLC__1SDV_20251203T110647_20251203T110714_062150_07C749_2F0F,Sentinel-1A,2025-12-03 11:06:47+00:00,ASCENDING,128,62150,VV+VH,4524.3,11.0
S1A_IW_SLC__1SDV_20251215T110646_20251215T110713_062325_07CE22_FA22,Sentinel-1A,2025-12-15 11:06:46+00:00,ASCENDING,128,62325,VV+VH,4517.6,11.0
S1A_IW_SLC__1SDV_20251227T110645_20251227T110712_062500_07D4F0_4F48,Sentinel-1A,2025-12-27 11:06:45+00:00,ASCENDING,128,62500,VV+VH,4506.5,11.0
S1A_IW_SLC__1SDV_20260108T110643_20260108T110710_062675_07DBAD_3F63,Sentinel-1A,2026-01-08 11:06:43+00:00,ASCENDING,128,62675,VV+VH,4511.8,11.0
S1A_IW_SLC__1SDV_20260120T110642_20260120T110709_062850_07E26E_583B,Sentinel-1A,2026-01-20 11:06:42+00:00,ASCENDING,128,62850,VV+VH,4515.5,11.0
S1A_IW_SLC__1SDV_20260213T110641_20260213T110708_063200_07EF2D_CE62,Sentinel-1A,2026-02-13 11:06:41+00:00,ASCENDING,128,63200,VV+VH,4539.9,23.0
S1A_IW_SLC__1SDV_20260225T110641_20260225T110708_063375_07F5D4_ECA8,Sentinel-1A,2026-02-25 11:06:41+00:00,ASCENDING,128,63375,VV+VH,4553.5,12.0
S1A_IW_SLC__1SDV_20260309T110641_20260309T110708_063550_07FC7A_75EE,Sentinel-1A,2026-03-09 11:06:41+00:00,ASCENDING,128,63550,VV+VH,4552.7,12.0
S1A_IW_SLC__1SDV_20260321T110641_20260321T110708_063725_080300_9380,Sentinel-1A,2026-03-21 11:06:41+00:00,ASCENDING,128,63725,VV+VH,4556.7,12.0
S1A_IW_SLC__1SDV_20260402T110641_20260402T110708_063900_080988_335D,Sentinel-1A,2026-04-02 11:06:41+00:00,ASCENDING,128,63900,VV+VH,4545.0,12.0
S1A_IW_SLC__1SDV_20260414T110641_20260414T110708_064075_08101A_92D8,Sentinel-1A,2026-04-14 11:06:41+00:00,ASCENDING,128,64075,VV+VH,4532.6,12.0
S1A_IW_SLC__1SDV_20260426T110641_20260426T110708_064250_0816A0_E92C,Sentinel-1A,2026-04-26 11:06:41+00:00,ASCENDING,128,64250,VV+VH,4541.7,12.0
S1A_IW_SLC__1SDV_20260520T110640_20260520T110707_064600_08232F_051A,Sentinel-1A,2026-05-20 11:06:40+00:00,ASCENDING,128,64600,VV+VH,4563.9,23.0
S1A_IW_SLC__1SDV_20150220T224959_20150220T225022_004713_005D3A_46EC,Sentinel-1A,2015-02-20 22:49:59+00:00,DESCENDING,91,4713,VV+VH,3985.8,
S1A_IW_SLC__1SDV_20150304T225003_20150304T225033_004888_00617D_08CC,Sentinel-1A,2015-03-04 22:50:03+00:00,DESCENDING,91,4888,VV+VH,5141.5,12.0
S1A_IW_SLC__1SDV_20150328T225004_20150328T225033_005238_0069D9_8CF6,Sentinel-1A,2015-03-28 22:50:04+00:00,DESCENDING,91,5238,VV+VH,5160.6,24.0
S1A_IW_SLC__1SDV_20150515T225006_20150515T225036_005938_007A63_E2C7,Sentinel-1A,2015-05-15 22:50:06+00:00,DESCENDING,91,5938,VV+VH,5238.2,48.0
S1A_IW_SLC__1SDV_20150527T224947_20150527T225015_006113_007EF8_EBBD,Sentinel-1A,2015-05-27 22:49:47+00:00,DESCENDING,91,6113,VV+VH,4838.8,11.0
S1A_IW_SLC__1SDV_20150608T224947_20150608T225015_006288_0083F5_F209,Sentinel-1A,2015-06-08 22:49:47+00:00,DESCENDING,91,6288,VV+VH,4901.0,12.0
S1A_IW_SLC__1SDV_20151111T225012_20151111T225042_008563_00C239_60F5,Sentinel-1A,2015-11-11 22:50:12+00:00,DESCENDING,91,8563,VV+VH,5198.0,156.0
S1A_IW_SLC__1SDV_20151123T225012_20151123T225041_008738_00C71B_7508,Sentinel-1A,2015-11-23 22:50:12+00:00,DESCENDING,91,8738,VV+VH,5175.9,12.0
S1A_IW_SLC__1SDV_20151205T225011_20151205T225041_008913_00CC18_416B,Sentinel-1A,2015-12-05 22:50:11+00:00,DESCENDING,91,8913,VV+VH,5112.7,11.0
S1A_IW_SLC__1SDV_20151217T225011_20151217T225040_009088_00D0E0_C09F,Sentinel-1A,2015-12-17 22:50:11+00:00,DESCENDING,91,9088,VV+VH,5076.9,12.0
S1A_IW_SLC__1SDV_20151229T225010_20151229T225040_009263_00D5E6_CD3F,Sentinel-1A,2015-12-29 22:50:10+00:00,DESCENDING,91,9263,VV+VH,5136.3,11.0
S1A_IW_SLC__1SDV_20160110T225010_20160110T225040_009438_00DAE0_4721,Sentinel-1A,2016-01-10 22:50:10+00:00,DESCENDING,91,9438,VV+VH,5126.3,12.0
S1A_IW_SLC__1SDV_20160122T225010_20160122T225039_009613_00DFFD_A2D0,Sentinel-1A,2016-01-22 22:50:10+00:00,DESCENDING,91,9613,VV+VH,5088.2,12.0
S1A_IW_SLC__1SDV_20160203T225009_20160203T225039_009788_00E511_0821,Sentinel-1A,2016-02-03 22:50:09+00:00,DESCENDING,91,9788,VV+VH,5073.5,11.0
S1A_IW_SLC__1SDV_20160215T225009_20160215T225039_009963_00EA2D_4336,Sentinel-1A,2016-02-15 22:50:09+00:00,DESCENDING,91,9963,VV+VH,5046.1,12.0
S1A_IW_SLC__1SDV_20160227T225009_20160227T225039_010138_00EF3C_508A,Sentinel-1A,2016-02-27 22:50:09+00:00,DESCENDING,91,10138,VV+VH,5070.9,12.0
S1A_IW_SLC__1SDV_20160310T225009_20160310T225039_010313_00F43F_7FDB,Sentinel-1A,2016-03-10 22:50:09+00:00,DESCENDING,91,10313,VV+VH,5044.0,12.0
S1A_IW_SLC__1SDV_20160322T225010_20160322T225039_010488_00F925_EE34,Sentinel-1A,2016-03-22 22:50:10+00:00,DESCENDING,91,10488,VV+VH,5117.6,12.0
S1A_IW_SLC__1SDV_20160403T224959_20160403T225029_010663_00FE38_C9CA,Sentinel-1A,2016-04-03 22:49:59+00:00,DESCENDING,91,10663,VV+VH,5124.2,11.0
S1A_IW_SLC__1SDV_20160415T224959_20160415T225029_010838_010376_3A91,Sentinel-1A,2016-04-15 22:49:59+00:00,DESCENDING,91,10838,VV+VH,5099.6,12.0
S1A_IW_SLC__1SDV_20160427T225000_20160427T225030_011013_0108E7_DF9A,Sentinel-1A,2016-04-27 22:50:00+00:00,DESCENDING,91,11013,VV+VH,5094.4,12.0
S1A_IW_SLC__1SDV_20160509T225001_20160509T225030_011188_010E66_B631,Sentinel-1A,2016-05-09 22:50:01+00:00,DESCENDING,91,11188,VV+VH,5134.9,12.0
S1A_IW_SLC__1SDV_20160521T225001_20160521T225031_011363_011421_9118,Sentinel-1A,2016-05-21 22:50:01+00:00,DESCENDING,91,11363,VV+VH,5098.8,12.0
S1A_IW_SLC__1SDV_20160602T225002_20160602T225032_011538_0119C9_8B48,Sentinel-1A,2016-06-02 22:50:02+00:00,DESCENDING,91,11538,VV+VH,5122.0,12.0
S1A_IW_SLC__1SDV_20160614T225003_20160614T225032_011713_011F47_C3B4,Sentinel-1A,2016-06-14 22:50:03+00:00,DESCENDING,91,11713,VV+VH,5116.8,12.0
S1A_IW_SLC__1SDV_20160708T225004_20160708T225034_012063_012A7D_A565,Sentinel-1A,2016-07-08 22:50:04+00:00,DESCENDING,91,12063,VV+VH,5145.4,24.0
S1A_IW_SLC__1SDV_20160720T225005_20160720T225034_012238_013024_A2A3,Sentinel-1A,2016-07-20 22:50:05+00:00,DESCENDING,91,12238,VV+VH,5153.4,12.0
S1A_IW_SLC__1SDV_20160801T225005_20160801T225035_012413_0135F3_5ABF,Sentinel-1A,2016-08-01 22:50:05+00:00,DESCENDING,91,12413,VV+VH,5125.4,12.0
S1A_IW_SLC__1SDV_20160813T225006_20160813T225036_012588_013BB5_F519,Sentinel-1A,2016-08-13 22:50:06+00:00,DESCENDING,91,12588,VV+VH,5163.8,12.0
S1A_IW_SLC__1SDV_20160825T225007_20160825T225036_012763_0141A5_AC45,Sentinel-1A,2016-08-25 22:50:07+00:00,DESCENDING,91,12763,VV+VH,5129.5,12.0
S1A_IW_SLC__1SDV_20160906T225007_20160906T225037_012938_014765_E9C6,Sentinel-1A,2016-09-06 22:50:07+00:00,DESCENDING,91,12938,VV+VH,5170.1,12.0
S1A_IW_SLC__1SDV_20160918T225007_20160918T225037_013113_014D16_9F7C,Sentinel-1A,2016-09-18 22:50:07+00:00,DESCENDING,91,13113,VV+VH,5112.5,12.0
S1A_IW_SLC__1SDV_20160930T225008_20160930T225038_013288_0152BE_A311,Sentinel-1A,2016-09-30 22:50:08+00:00,DESCENDING,91,13288,VV+VH,5093.3,12.0
S1A_IW_SLC__1SDV_20161012T225008_20161012T225038_013463_015847_DDB5,Sentinel-1A,2016-10-12 22:50:08+00:00,DESCENDING,91,13463,VV+VH,5075.2,12.0
S1A_IW_SLC__1SDV_20161024T225008_20161024T225038_013638_015DB9_08B6,Sentinel-1A,2016-10-24 22:50:08+00:00,DESCENDING,91,13638,VV+VH,5118.1,12.0
S1A_IW_SLC__1SDV_20161117T225007_20161117T225037_013988_01689D_56F7,Sentinel-1A,2016-11-17 22:50:07+00:00,DESCENDING,91,13988,VV+VH,5111.7,23.0
S1A_IW_SLC__1SDV_20161129T225007_20161129T225037_014163_016E03_BA90,Sentinel-1A,2016-11-29 22:50:07+00:00,DESCENDING,91,14163,VV+VH,5052.7,12.0
S1A_IW_SLC__1SDV_20161211T225007_20161211T225037_014338_017395_8592,Sentinel-1A,2016-12-11 22:50:07+00:00,DESCENDING,91,14338,VV+VH,5055.1,12.0
S1A_IW_SLC__1SDV_20161223T225006_20161223T225036_014513_017909_F198,Sentinel-1A,2016-12-23 22:50:06+00:00,DESCENDING,91,14513,VV+VH,5056.5,11.0
S1A_IW_SLC__1SDV_20170104T225005_20170104T225035_014688_017E5C_4A7C,Sentinel-1A,2017-01-04 22:50:05+00:00,DESCENDING,91,14688,VV+VH,5062.6,11.0
S1A_IW_SLC__1SDV_20170116T225004_20170116T225034_014863_0183C3_1433,Sentinel-1A,2017-01-16 22:50:04+00:00,DESCENDING,91,14863,VV+VH,5105.7,11.0
S1A_IW_SLC__1SDV_20170128T225004_20170128T225034_015038_018923_77E5,Sentinel-1A,2017-01-28 22:50:04+00:00,DESCENDING,91,15038,VV+VH,5052.0,12.0
S1A_IW_SLC__1SDV_20170209T225004_20170209T225034_015213_018E98_941C,Sentinel-1A,2017-02-09 22:50:04+00:00,DESCENDING,91,15213,VV+VH,5039.4,12.0
S1A_IW_SLC__1SDV_20170221T225004_20170221T225034_015388_019405_7B35,Sentinel-1A,2017-02-21 22:50:04+00:00,DESCENDING,91,15388,VV+VH,5075.1,12.0
S1A_IW_SLC__1SDV_20170305T225004_20170305T225034_015563_019950_2AE3,Sentinel-1A,2017-03-05 22:50:04+00:00,DESCENDING,91,15563,VV+VH,5065.4,12.0
S1A_IW_SLC__1SDV_20170317T225004_20170317T225034_015738_019E87_E8C4,Sentinel-1A,2017-03-17 22:50:04+00:00,DESCENDING,91,15738,VV+VH,5179.5,12.0
S1A_IW_SLC__1SDV_20170329T225004_20170329T225034_015913_01A3BD_8DA0,Sentinel-1A,2017-03-29 22:50:04+00:00,DESCENDING,91,15913,VV+VH,5111.0,12.0
S1A_IW_SLC__1SDV_20170410T225005_20170410T225035_016088_01A906_AD77,Sentinel-1A,2017-04-10 22:50:05+00:00,DESCENDING,91,16088,VV+VH,5080.9,12.0
S1A_IW_SLC__1SDV_20170422T225005_20170422T225035_016263_01AE61_6B46,Sentinel-1A,2017-04-22 22:50:05+00:00,DESCENDING,91,16263,VV+VH,5063.1,12.0
S1A_IW_SLC__1SDV_20170504T225006_20170504T225036_016438_01B3A8_AAC4,Sentinel-1A,2017-05-04 22:50:06+00:00,DESCENDING,91,16438,VV+VH,5067.0,12.0
S1A_IW_SLC__1SDV_20170516T225007_20170516T225036_016613_01B904_9D27,Sentinel-1A,2017-05-16 22:50:07+00:00,DESCENDING,91,16613,VV+VH,5077.2,12.0
S1A_IW_SLC__1SDV_20170528T225007_20170528T225037_016788_01BE66_5383,Sentinel-1A,2017-05-28 22:50:07+00:00,DESCENDING,91,16788,VV+VH,5093.7,12.0
S1A_IW_SLC__1SDV_20170609T225008_20170609T225038_016963_01C3D2_D52B,Sentinel-1A,2017-06-09 22:50:08+00:00,DESCENDING,91,16963,VV+VH,5158.5,12.0
S1A_IW_SLC__1SDV_20170621T225009_20170621T225038_017138_01C92F_8591,Sentinel-1A,2017-06-21 22:50:09+00:00,DESCENDING,91,17138,VV+VH,5171.2,12.0
S1A_IW_SLC__1SDV_20170703T225009_20170703T225039_017313_01CE80_8C8B,Sentinel-1A,2017-07-03 22:50:09+00:00,DESCENDING,91,17313,VV+VH,5182.0,12.0
S1A_IW_SLC__1SDV_20170715T225010_20170715T225040_017488_01D3C7_E2DA,Sentinel-1A,2017-07-15 22:50:10+00:00,DESCENDING,91,17488,VV+VH,5168.4,12.0
S1A_IW_SLC__1SDV_20170727T225011_20170727T225041_017663_01D921_74D1,Sentinel-1A,2017-07-27 22:50:11+00:00,DESCENDING,91,17663,VV+VH,5141.1,12.0
S1A_IW_SLC__1SDV_20170808T225011_20170808T225041_017838_01DE7C_9692,Sentinel-1A,2017-08-08 22:50:11+00:00,DESCENDING,91,17838,VV+VH,5128.5,12.0
S1A_IW_SLC__1SDV_20170820T225012_20170820T225042_018013_01E3C8_C7C6,Sentinel-1A,2017-08-20 22:50:12+00:00,DESCENDING,91,18013,VV+VH,5135.7,12.0
S1A_IW_SLC__1SDV_20170901T225012_20170901T225042_018188_01E90B_B335,Sentinel-1A,2017-09-01 22:50:12+00:00,DESCENDING,91,18188,VV+VH,5136.6,12.0
S1A_IW_SLC__1SDV_20170913T225013_20170913T225043_018363_01EE82_1AF7,Sentinel-1A,2017-09-13 22:50:13+00:00,DESCENDING,91,18363,VV+VH,5131.8,12.0
S1A_IW_SLC__1SDV_20171007T225013_20171007T225043_018713_01F930_1577,Sentinel-1A,2017-10-07 22:50:13+00:00,DESCENDING,91,18713,VV+VH,5171.4,24.0
S1A_IW_SLC__1SDV_20171031T225014_20171031T225044_019063_0203E5_8F73,Sentinel-1A,2017-10-31 22:50:14+00:00,DESCENDING,91,19063,VV+VH,5090.6,24.0
S1A_IW_SLC__1SDV_20171112T225013_20171112T225043_019238_02094F_3F40,Sentinel-1A,2017-11-12 22:50:13+00:00,DESCENDING,91,19238,VV+VH,5111.4,11.0
S1A_IW_SLC__1SDV_20171124T225013_20171124T225043_019413_020ED6_7EFE,Sentinel-1A,2017-11-24 22:50:13+00:00,DESCENDING,91,19413,VV+VH,5086.0,12.0
S1A_IW_SLC__1SDV_20171206T225012_20171206T225042_019588_02144D_B16E,Sentinel-1A,2017-12-06 22:50:12+00:00,DESCENDING,91,19588,VV+VH,5077.6,11.0
S1A_IW_SLC__1SDV_20171218T225012_20171218T225042_019763_0219C1_6105,Sentinel-1A,2017-12-18 22:50:12+00:00,DESCENDING,91,19763,VV+VH,5021.1,12.0
S1A_IW_SLC__1SDV_20171230T225012_20171230T225041_019938_021F2F_D090,Sentinel-1A,2017-12-30 22:50:12+00:00,DESCENDING,91,19938,VV+VH,5077.0,12.0
S1A_IW_SLC__1SDV_20180111T225011_20180111T225041_020113_0224B9_D2DD,Sentinel-1A,2018-01-11 22:50:11+00:00,DESCENDING,91,20113,VV+VH,5053.3,11.0
S1A_IW_SLC__1SDV_20180123T225011_20180123T225041_020288_022A46_60E9,Sentinel-1A,2018-01-23 22:50:11+00:00,DESCENDING,91,20288,VV+VH,5081.8,12.0
S1A_IW_SLC__1SDV_20180204T225011_20180204T225040_020463_022FDB_592B,Sentinel-1A,2018-02-04 22:50:11+00:00,DESCENDING,91,20463,VV+VH,5020.9,12.0
S1A_IW_SLC__1SDV_20180216T225010_20180216T225040_020638_023570_9642,Sentinel-1A,2018-02-16 22:50:10+00:00,DESCENDING,91,20638,VV+VH,5061.5,11.0
S1A_IW_SLC__1SDV_20180228T225010_20180228T225040_020813_023AFF_9500,Sentinel-1A,2018-02-28 22:50:10+00:00,DESCENDING,91,20813,VV+VH,5104.4,12.0
S1A_IW_SLC__1SDV_20180312T225010_20180312T225040_020988_024088_5E8B,Sentinel-1A,2018-03-12 22:50:10+00:00,DESCENDING,91,20988,VV+VH,5106.3,12.0
S1A_IW_SLC__1SDV_20180324T225011_20180324T225040_021163_024617_5E84,Sentinel-1A,2018-03-24 22:50:11+00:00,DESCENDING,91,21163,VV+VH,5114.0,12.0
S1A_IW_SLC__1SDV_20180405T225011_20180405T225041_021338_024B91_688A,Sentinel-1A,2018-04-05 22:50:11+00:00,DESCENDING,91,21338,VV+VH,5075.0,12.0
S1A_IW_SLC__1SDV_20180417T225011_20180417T225041_021513_025112_DE49,Sentinel-1A,2018-04-17 22:50:11+00:00,DESCENDING,91,21513,VV+VH,5077.0,12.0
S1A_IW_SLC__1SDV_20180429T225012_20180429T225042_021688_025688_9EDA,Sentinel-1A,2018-04-29 22:50:12+00:00,DESCENDING,91,21688,VV+VH,5127.1,12.0
S1A_IW_SLC__1SDV_20180511T225013_20180511T225042_021863_025C1F_BDEB,Sentinel-1A,2018-05-11 22:50:13+00:00,DESCENDING,91,21863,VV+VH,5127.4,12.0
S1A_IW_SLC__1SDV_20180523T225013_20180523T225043_022038_0261AD_5E51,Sentinel-1A,2018-05-23 22:50:13+00:00,DESCENDING,91,22038,VV+VH,5108.9,12.0
S1A_IW_SLC__1SDV_20180604T225014_20180604T225044_022213_026737_62A9,Sentinel-1A,2018-06-04 22:50:14+00:00,DESCENDING,91,22213,VV+VH,5131.6,12.0
S1A_IW_SLC__1SDV_20180616T225015_20180616T225045_022388_026C9A_C545,Sentinel-1A,2018-06-16 22:50:15+00:00,DESCENDING,91,22388,VV+VH,5151.3,12.0
S1A_IW_SLC__1SDV_20180628T225015_20180628T225045_022563_0271B4_0BE3,Sentinel-1A,2018-06-28 22:50:15+00:00,DESCENDING,91,22563,VV+VH,5128.9,12.0
S1A_IW_SLC__1SDV_20180710T225016_20180710T225046_022738_0276E0_1E15,Sentinel-1A,2018-07-10 22:50:16+00:00,DESCENDING,91,22738,VV+VH,5155.4,12.0
S1A_IW_SLC__1SDV_20180722T225017_20180722T225047_022913_027C51_78F4,Sentinel-1A,2018-07-22 22:50:17+00:00,DESCENDING,91,22913,VV+VH,5144.8,12.0
S1A_IW_SLC__1SDV_20180803T225017_20180803T225047_023088_0281CE_6FBA,Sentinel-1A,2018-08-03 22:50:17+00:00,DESCENDING,91,23088,VV+VH,5177.9,12.0
S1A_IW_SLC__1SDV_20180815T225018_20180815T225048_023263_028771_A686,Sentinel-1A,2018-08-15 22:50:18+00:00,DESCENDING,91,23263,VV+VH,5158.1,12.0
S1B_IW_SLC__1SDV_20180821T224928_20180821T224956_012367_016CCC_22E1,Sentinel-1B,2018-08-21 22:49:28+00:00,DESCENDING,91,12367,VV+VH,4762.0,5.0
S1A_IW_SLC__1SDV_20180827T225019_20180827T225049_023438_028D0F_CC99,Sentinel-1A,2018-08-27 22:50:19+00:00,DESCENDING,91,23438,VV+VH,5147.6,6.0
S1A_IW_SLC__1SDV_20180908T225019_20180908T225049_023613_0292A9_D359,Sentinel-1A,2018-09-08 22:50:19+00:00,DESCENDING,91,23613,VV+VH,5099.7,12.0
S1A_IW_SLC__1SDV_20180920T225020_20180920T225050_023788_02984B_EA0F,Sentinel-1A,2018-09-20 22:50:20+00:00,DESCENDING,91,23788,VV+VH,5140.9,12.0
S1A_IW_SLC__1SDV_20181002T225020_20181002T225050_023963_029E00_5018,Sentinel-1A,2018-10-02 22:50:20+00:00,DESCENDING,91,23963,VV+VH,5098.7,12.0
S1A_IW_SLC__1SDV_20181026T225020_20181026T225050_024313_02A95A_EA54,Sentinel-1A,2018-10-26 22:50:20+00:00,DESCENDING,91,24313,VV+VH,5145.2,24.0
S1A_IW_SLC__1SDV_20181107T225020_20181107T225050_024488_02AF71_B319,Sentinel-1A,2018-11-07 22:50:20+00:00,DESCENDING,91,24488,VV+VH,5097.1,12.0
S1A_IW_SLC__1SDV_20181119T225020_20181119T225050_024663_02B5E4_CFE2,Sentinel-1A,2018-11-19 22:50:20+00:00,DESCENDING,91,24663,VV+VH,5141.8,12.0
S1A_IW_SLC__1SDV_20181201T225019_20181201T225049_024838_02BC16_5605,Sentinel-1A,2018-12-01 22:50:19+00:00,DESCENDING,91,24838,VV+VH,5114.1,11.0
S1A_IW_SLC__1SDV_20181213T225019_20181213T225049_025013_02C22A_F948,Sentinel-1A,2018-12-13 22:50:19+00:00,DESCENDING,91,25013,VV+VH,5080.8,12.0
S1A_IW_SLC__1SDV_20181225T225019_20181225T225048_025188_02C882_05A4,Sentinel-1A,2018-12-25 22:50:19+00:00,DESCENDING,91,25188,VV+VH,5078.2,12.0
S1A_IW_SLC__1SDV_20190106T225018_20190106T225048_025363_02CED1_F7EF,Sentinel-1A,2019-01-06 22:50:18+00:00,DESCENDING,91,25363,VV+VH,5112.2,11.0
S1A_IW_SLC__1SDV_20190118T225018_20190118T225048_025538_02D522_22D4,Sentinel-1A,2019-01-18 22:50:18+00:00,DESCENDING,91,25538,VV+VH,5086.9,12.0
S1A_IW_SLC__1SDV_20190130T225017_20190130T225047_025713_02DB87_E8AB,Sentinel-1A,2019-01-30 22:50:17+00:00,DESCENDING,91,25713,VV+VH,5083.8,11.0
S1A_IW_SLC__1SDV_20190211T225017_20190211T225047_025888_02E1C5_F264,Sentinel-1A,2019-02-11 22:50:17+00:00,DESCENDING,91,25888,VV+VH,5093.1,12.0
S1A_IW_SLC__1SDV_20190223T225017_20190223T225047_026063_02E802_96BD,Sentinel-1A,2019-02-23 22:50:17+00:00,DESCENDING,91,26063,VV+VH,5065.5,12.0
S1A_IW_SLC__1SDV_20190307T225017_20190307T225047_026238_02EE46_3351,Sentinel-1A,2019-03-07 22:50:17+00:00,DESCENDING,91,26238,VV+VH,5127.2,12.0
S1A_IW_SLC__1SDV_20190319T225017_20190319T225047_026413_02F4C1_5318,Sentinel-1A,2019-03-19 22:50:17+00:00,DESCENDING,91,26413,VV+VH,5117.9,12.0
S1A_IW_SLC__1SDV_20190331T225017_20190331T225047_026588_02FB31_A616,Sentinel-1A,2019-03-31 22:50:17+00:00,DESCENDING,91,26588,VV+VH,5122.5,12.0
S1A_IW_SLC__1SDV_20190412T225017_20190412T225047_026763_030199_72C0,Sentinel-1A,2019-04-12 22:50:17+00:00,DESCENDING,91,26763,VV+VH,5111.6,12.0
S1A_IW_SLC__1SDV_20190424T225018_20190424T225048_026938_0307EB_58EB,Sentinel-1A,2019-04-24 22:50:18+00:00,DESCENDING,91,26938,VV+VH,5091.2,12.0
S1A_IW_SLC__1SDV_20190506T225018_20190506T225048_027113_030E4F_30D5,Sentinel-1A,2019-05-06 22:50:18+00:00,DESCENDING,91,27113,VV+VH,5156.1,12.0
S1A_IW_SLC__1SDV_20190518T225019_20190518T225049_027288_0313C7_D6E8,Sentinel-1A,2019-05-18 22:50:19+00:00,DESCENDING,91,27288,VV+VH,5113.6,12.0
S1A_IW_SLC__1SDV_20190530T225020_20190530T225049_027463_03193A_5F09,Sentinel-1A,2019-05-30 22:50:20+00:00,DESCENDING,91,27463,VV+VH,5175.6,12.0
S1A_IW_SLC__1SDV_20190611T225020_20190611T225050_027638_031E92_162B,Sentinel-1A,2019-06-11 22:50:20+00:00,DESCENDING,91,27638,VV+VH,5151.8,12.0
S1A_IW_SLC__1SDV_20190623T225021_20190623T225051_027813_0323C6_570F,Sentinel-1A,2019-06-23 22:50:21+00:00,DESCENDING,91,27813,VV+VH,5188.2,12.0
S1A_IW_SLC__1SDV_20190717T225023_20190717T225052_028163_032E61_601E,Sentinel-1A,2019-07-17 22:50:23+00:00,DESCENDING,91,28163,VV+VH,5135.9,24.0
S1A_IW_SLC__1SDV_20190729T225023_20190729T225053_028338_0333B9_4331,Sentinel-1A,2019-07-29 22:50:23+00:00,DESCENDING,91,28338,VV+VH,5139.9,12.0
S1A_IW_SLC__1SDV_20190810T225024_20190810T225054_028513_033938_112A,Sentinel-1A,2019-08-10 22:50:24+00:00,DESCENDING,91,28513,VV+VH,5134.4,12.0
S1A_IW_SLC__1SDV_20190822T225025_20190822T225055_028688_033F41_B55D,Sentinel-1A,2019-08-22 22:50:25+00:00,DESCENDING,91,28688,VV+VH,5154.6,12.0
S1A_IW_SLC__1SDV_20190903T225025_20190903T225055_028863_034560_B04F,Sentinel-1A,2019-09-03 22:50:25+00:00,DESCENDING,91,28863,VV+VH,5129.3,12.0
S1A_IW_SLC__1SDV_20190915T225026_20190915T225056_029038_034B75_C34D,Sentinel-1A,2019-09-15 22:50:26+00:00,DESCENDING,91,29038,VV+VH,5138.3,12.0
S1A_IW_SLC__1SDV_20190927T225026_20190927T225056_029213_03516D_575E,Sentinel-1A,2019-09-27 22:50:26+00:00,DESCENDING,91,29213,VV+VH,5092.4,12.0
S1A_IW_SLC__1SDV_20191009T225026_20191009T225056_029388_035774_4236,Sentinel-1A,2019-10-09 22:50:26+00:00,DESCENDING,91,29388,VV+VH,5141.4,12.0
S1A_IW_SLC__1SDV_20191021T225026_20191021T225056_029563_035D7C_1F8D,Sentinel-1A,2019-10-21 22:50:26+00:00,DESCENDING,91,29563,VV+VH,5097.1,12.0
S1A_IW_SLC__1SDV_20191102T225027_20191102T225056_029738_036394_1B59,Sentinel-1A,2019-11-02 22:50:27+00:00,DESCENDING,91,29738,VV+VH,5126.3,12.0
S1A_IW_SLC__1SDV_20191114T225026_20191114T225056_029913_0369B6_DCA7,Sentinel-1A,2019-11-14 22:50:26+00:00,DESCENDING,91,29913,VV+VH,5087.2,11.0
S1A_IW_SLC__1SDV_20191126T225026_20191126T225056_030088_036FCB_741F,Sentinel-1A,2019-11-26 22:50:26+00:00,DESCENDING,91,30088,VV+VH,5071.6,12.0
S1A_IW_SLC__1SDV_20191208T225026_20191208T225055_030263_0375CB_E8C7,Sentinel-1A,2019-12-08 22:50:26+00:00,DESCENDING,91,30263,VV+VH,5003.3,12.0
S1A_IW_SLC__1SDV_20191220T225025_20191220T225055_030438_037BD7_CB55,Sentinel-1A,2019-12-20 22:50:25+00:00,DESCENDING,91,30438,VV+VH,5109.1,11.0
S1A_IW_SLC__1SDV_20200101T225025_20200101T225054_030613_0381E0_3E40,Sentinel-1A,2020-01-01 22:50:25+00:00,DESCENDING,91,30613,VV+VH,5070.5,12.0
S1A_IW_SLC__1SDV_20200113T225024_20200113T225054_030788_0387FD_F601,Sentinel-1A,2020-01-13 22:50:24+00:00,DESCENDING,91,30788,VV+VH,5102.1,11.0
S1A_IW_SLC__1SDV_20200125T225024_20200125T225054_030963_038E28_1020,Sentinel-1A,2020-01-25 22:50:24+00:00,DESCENDING,91,30963,VV+VH,5061.4,12.0
S1A_IW_SLC__1SDV_20200206T225023_20200206T225053_031138_039442_0AED,Sentinel-1A,2020-02-06 22:50:23+00:00,DESCENDING,91,31138,VV+VH,5140.0,11.0
S1A_IW_SLC__1SDV_20200218T225023_20200218T225053_031313_039A4E_9FF5,Sentinel-1A,2020-02-18 22:50:23+00:00,DESCENDING,91,31313,VV+VH,5031.0,12.0
S1A_IW_SLC__1SDV_20200301T225023_20200301T225053_031488_03A050_C211,Sentinel-1A,2020-03-01 22:50:23+00:00,DESCENDING,91,31488,VV+VH,5090.5,12.0
S1A_IW_SLC__1SDV_20200313T225023_20200313T225053_031663_03A665_19B6,Sentinel-1A,2020-03-13 22:50:23+00:00,DESCENDING,91,31663,VV+VH,5069.7,12.0
S1A_IW_SLC__1SDV_20200325T225023_20200325T225053_031838_03AC90_0F8A,Sentinel-1A,2020-03-25 22:50:23+00:00,DESCENDING,91,31838,VV+VH,5125.7,12.0
S1A_IW_SLC__1SDV_20200406T225024_20200406T225053_032013_03B2BA_68FD,Sentinel-1A,2020-04-06 22:50:24+00:00,DESCENDING,91,32013,VV+VH,5105.8,12.0
S1A_IW_SLC__1SDV_20200418T225024_20200418T225054_032188_03B8E2_2FEE,Sentinel-1A,2020-04-18 22:50:24+00:00,DESCENDING,91,32188,VV+VH,5100.3,12.0
S1A_IW_SLC__1SDV_20200430T225025_20200430T225054_032363_03BF08_A0FE,Sentinel-1A,2020-04-30 22:50:25+00:00,DESCENDING,91,32363,VV+VH,5102.1,12.0
S1A_IW_SLC__1SDV_20200512T225025_20200512T225055_032538_03C4C1_E3D4,Sentinel-1A,2020-05-12 22:50:25+00:00,DESCENDING,91,32538,VV+VH,5124.3,12.0
S1A_IW_SLC__1SDV_20200524T225026_20200524T225056_032713_03CA10_B7CE,Sentinel-1A,2020-05-24 22:50:26+00:00,DESCENDING,91,32713,VV+VH,5145.9,12.0
S1A_IW_SLC__1SDV_20200605T225027_20200605T225056_032888_03CF3C_0728,Sentinel-1A,2020-06-05 22:50:27+00:00,DESCENDING,91,32888,VV+VH,5153.4,12.0
S1A_IW_SLC__1SDV_20200617T225027_20200617T225057_033063_03D480_3D1F,Sentinel-1A,2020-06-17 22:50:27+00:00,DESCENDING,91,33063,VV+VH,5130.2,12.0
S1A_IW_SLC__1SDV_20200629T225028_20200629T225058_033238_03D9D2_4301,Sentinel-1A,2020-06-29 22:50:28+00:00,DESCENDING,91,33238,VV+VH,5113.8,12.0
S1A_IW_SLC__1SDV_20200711T225029_20200711T225059_033413_03DF24_47B4,Sentinel-1A,2020-07-11 22:50:29+00:00,DESCENDING,91,33413,VV+VH,5148.0,12.0
S1A_IW_SLC__1SDV_20200723T225030_20200723T225059_033588_03E485_3B48,Sentinel-1A,2020-07-23 22:50:30+00:00,DESCENDING,91,33588,VV+VH,5106.6,12.0
S1A_IW_SLC__1SDV_20200804T225030_20200804T225100_033763_03E9DF_6435,Sentinel-1A,2020-08-04 22:50:30+00:00,DESCENDING,91,33763,VV+VH,5164.8,12.0
S1A_IW_SLC__1SDV_20200816T225031_20200816T225101_033938_03EFF3_15F1,Sentinel-1A,2020-08-16 22:50:31+00:00,DESCENDING,91,33938,VV+VH,5154.9,12.0
S1A_IW_SLC__1SDV_20200828T225032_20200828T225102_034113_03F620_F7B8,Sentinel-1A,2020-08-28 22:50:32+00:00,DESCENDING,91,34113,VV+VH,5114.9,12.0
S1A_IW_SLC__1SDV_20200909T225032_20200909T225102_034288_03FC3E_1291,Sentinel-1A,2020-09-09 22:50:32+00:00,DESCENDING,91,34288,VV+VH,5145.3,12.0
S1A_IW_SLC__1SDV_20200921T225033_20200921T225102_034463_040284_8BA0,Sentinel-1A,2020-09-21 22:50:33+00:00,DESCENDING,91,34463,VV+VH,5160.2,12.0
S1A_IW_SLC__1SDV_20201003T225033_20201003T225103_034638_0408A5_2D3E,Sentinel-1A,2020-10-03 22:50:33+00:00,DESCENDING,91,34638,VV+VH,5128.1,12.0
S1A_IW_SLC__1SDV_20201015T225033_20201015T225103_034813_040EBA_B7AD,Sentinel-1A,2020-10-15 22:50:33+00:00,DESCENDING,91,34813,VV+VH,5161.4,12.0
S1A_IW_SLC__1SDV_20201027T225033_20201027T225103_034988_0414C6_FF0B,Sentinel-1A,2020-10-27 22:50:33+00:00,DESCENDING,91,34988,VV+VH,5114.0,12.0
S1B_IW_SLC__1SDV_20201102T225002_20201102T225032_024092_02DCC9_8C13,Sentinel-1B,2020-11-02 22:50:02+00:00,DESCENDING,91,24092,VV+VH,5101.3,5.0
S1A_IW_SLC__1SDV_20201108T225033_20201108T225103_035163_041ACA_3B6D,Sentinel-1A,2020-11-08 22:50:33+00:00,DESCENDING,91,35163,VV+VH,5074.9,6.0
S1A_IW_SLC__1SDV_20201120T225033_20201120T225102_035338_0420E4_4139,Sentinel-1A,2020-11-20 22:50:33+00:00,DESCENDING,91,35338,VV+VH,5094.2,12.0
S1A_IW_SLC__1SDV_20201202T225032_20201202T225102_035513_0426F1_6135,Sentinel-1A,2020-12-02 22:50:32+00:00,DESCENDING,91,35513,VV+VH,5049.2,11.0
S1A_IW_SLC__1SDV_20201214T225032_20201214T225101_035688_042CF3_9F1C,Sentinel-1A,2020-12-14 22:50:32+00:00,DESCENDING,91,35688,VV+VH,5050.7,12.0
S1A_IW_SLC__1SDV_20201226T225031_20201226T225101_035863_043307_38CE,Sentinel-1A,2020-12-26 22:50:31+00:00,DESCENDING,91,35863,VV+VH,4868.8,11.0
S1A_IW_SLC__1SDV_20210107T225030_20210107T225100_036038_043919_6CA1,Sentinel-1A,2021-01-07 22:50:30+00:00,DESCENDING,91,36038,VV+VH,4802.7,11.0
S1A_IW_SLC__1SDV_20210131T225030_20210131T225059_036388_04454E_0EE4,Sentinel-1A,2021-01-31 22:50:30+00:00,DESCENDING,91,36388,VV+VH,4875.2,24.0
S1A_IW_SLC__1SDV_20210212T225029_20210212T225059_036563_044B62_672C,Sentinel-1A,2021-02-12 22:50:29+00:00,DESCENDING,91,36563,VV+VH,4843.8,11.0
S1A_IW_SLC__1SDV_20210224T225029_20210224T225059_036738_045179_4FDE,Sentinel-1A,2021-02-24 22:50:29+00:00,DESCENDING,91,36738,VV+VH,4872.1,12.0
S1A_IW_SLC__1SDV_20210308T225029_20210308T225059_036913_045794_0FE4,Sentinel-1A,2021-03-08 22:50:29+00:00,DESCENDING,91,36913,VV+VH,4887.4,12.0
S1A_IW_SLC__1SDV_20210320T225029_20210320T225059_037088_045DB4_C533,Sentinel-1A,2021-03-20 22:50:29+00:00,DESCENDING,91,37088,VV+VH,4907.8,12.0
S1A_IW_SLC__1SDV_20210401T225029_20210401T225059_037263_0463BB_A05E,Sentinel-1A,2021-04-01 22:50:29+00:00,DESCENDING,91,37263,VV+VH,4869.9,12.0
S1A_IW_SLC__1SDV_20210413T225030_20210413T225100_037438_0469C9_12BF,Sentinel-1A,2021-04-13 22:50:30+00:00,DESCENDING,91,37438,VV+VH,4889.6,12.0
S1A_IW_SLC__1SDV_20210425T225030_20210425T225100_037613_046FD2_48CD,Sentinel-1A,2021-04-25 22:50:30+00:00,DESCENDING,91,37613,VV+VH,4944.1,12.0
S1A_IW_SLC__1SDV_20210507T225031_20210507T225101_037788_0475C1_8066,Sentinel-1A,2021-05-07 22:50:31+00:00,DESCENDING,91,37788,VV+VH,4897.4,12.0
S1A_IW_SLC__1SDV_20210519T225031_20210519T225101_037963_047B0F_855F,Sentinel-1A,2021-05-19 22:50:31+00:00,DESCENDING,91,37963,VV+VH,4938.3,12.0
S1A_IW_SLC__1SDV_20210531T225032_20210531T225102_038138_048050_95EF,Sentinel-1A,2021-05-31 22:50:32+00:00,DESCENDING,91,38138,VV+VH,4902.4,12.0
S1A_IW_SLC__1SDV_20210612T225033_20210612T225103_038313_04857D_D03F,Sentinel-1A,2021-06-12 22:50:33+00:00,DESCENDING,91,38313,VV+VH,4961.7,12.0
S1A_IW_SLC__1SDV_20210624T225034_20210624T225103_038488_048AB7_FB1E,Sentinel-1A,2021-06-24 22:50:34+00:00,DESCENDING,91,38488,VV+VH,4935.3,12.0
S1A_IW_SLC__1SDV_20210706T225034_20210706T225104_038663_048FFD_1029,Sentinel-1A,2021-07-06 22:50:34+00:00,DESCENDING,91,38663,VV+VH,4910.6,12.0
S1A_IW_SLC__1SDV_20210718T225035_20210718T225105_038838_04953D_CD75,Sentinel-1A,2021-07-18 22:50:35+00:00,DESCENDING,91,38838,VV+VH,4930.4,12.0
S1A_IW_SLC__1SDV_20210730T225036_20210730T225106_039013_049A6F_07D2,Sentinel-1A,2021-07-30 22:50:36+00:00,DESCENDING,91,39013,VV+VH,4916.8,12.0
S1A_IW_SLC__1SDV_20210811T225036_20210811T225106_039188_04A02D_6B7C,Sentinel-1A,2021-08-11 22:50:36+00:00,DESCENDING,91,39188,VV+VH,4942.3,12.0
S1A_IW_SLC__1SDV_20210823T225037_20210823T225107_039363_04A636_CDD1,Sentinel-1A,2021-08-23 22:50:37+00:00,DESCENDING,91,39363,VV+VH,4914.4,12.0
S1A_IW_SLC__1SDV_20210904T225038_20210904T225107_039538_04AC3B_D11D,Sentinel-1A,2021-09-04 22:50:38+00:00,DESCENDING,91,39538,VV+VH,4913.2,12.0
S1A_IW_SLC__1SDV_20210916T225038_20210916T225108_039713_04B235_604B,Sentinel-1A,2021-09-16 22:50:38+00:00,DESCENDING,91,39713,VV+VH,4915.5,12.0
S1A_IW_SLC__1SDV_20210928T225039_20210928T225108_039888_04B838_02E6,Sentinel-1A,2021-09-28 22:50:39+00:00,DESCENDING,91,39888,VV+VH,4908.0,12.0
S1A_IW_SLC__1SDV_20211010T225039_20211010T225108_040063_04BE3E_ECC4,Sentinel-1A,2021-10-10 22:50:39+00:00,DESCENDING,91,40063,VV+VH,4954.6,12.0
S1A_IW_SLC__1SDV_20211022T225039_20211022T225109_040238_04C459_D58C,Sentinel-1A,2021-10-22 22:50:39+00:00,DESCENDING,91,40238,VV+VH,4865.0,12.0
S1A_IW_SLC__1SDV_20211103T225038_20211103T225108_040413_04CA70_9E9B,Sentinel-1A,2021-11-03 22:50:38+00:00,DESCENDING,91,40413,VV+VH,4939.7,11.0
S1A_IW_SLC__1SDV_20211115T225038_20211115T225108_040588_04D08C_9442,Sentinel-1A,2021-11-15 22:50:38+00:00,DESCENDING,91,40588,VV+VH,4887.5,12.0
S1A_IW_SLC__1SDV_20211127T225038_20211127T225108_040763_04D68F_9865,Sentinel-1A,2021-11-27 22:50:38+00:00,DESCENDING,91,40763,VV+VH,4866.7,12.0
S1A_IW_SLC__1SDV_20211209T225037_20211209T225107_040938_04DC9F_86AB,Sentinel-1A,2021-12-09 22:50:37+00:00,DESCENDING,91,40938,VV+VH,4850.9,11.0
S1A_IW_SLC__1SDV_20211221T225037_20211221T225107_041113_04E27C_B925,Sentinel-1A,2021-12-21 22:50:37+00:00,DESCENDING,91,41113,VV+VH,4843.4,12.0
S1A_IW_SLC__1SDV_20220102T225036_20220102T225106_041288_04E85B_C0C2,Sentinel-1A,2022-01-02 22:50:36+00:00,DESCENDING,91,41288,VV+VH,4871.0,11.0
S1A_IW_SLC__1SDV_20220114T225036_20220114T225106_041463_04EE23_A47C,Sentinel-1A,2022-01-14 22:50:36+00:00,DESCENDING,91,41463,VV+VH,4876.7,12.0
S1A_IW_SLC__1SDV_20220126T225035_20220126T225105_041638_04F415_5A56,Sentinel-1A,2022-01-26 22:50:35+00:00,DESCENDING,91,41638,VV+VH,4896.5,11.0
S1A_IW_SLC__1SDV_20220207T225035_20220207T225105_041813_04FA1C_14DD,Sentinel-1A,2022-02-07 22:50:35+00:00,DESCENDING,91,41813,VV+VH,4900.2,12.0
S1A_IW_SLC__1SDV_20220219T225035_20220219T225105_041988_050033_B164,Sentinel-1A,2022-02-19 22:50:35+00:00,DESCENDING,91,41988,VV+VH,4889.8,12.0
S1A_IW_SLC__1SDV_20220303T225034_20220303T225104_042163_050629_EFEB,Sentinel-1A,2022-03-03 22:50:34+00:00,DESCENDING,91,42163,VV+VH,4861.7,11.0
S1A_IW_SLC__1SDV_20220315T225035_20220315T225104_042338_050C1D_95D6,Sentinel-1A,2022-03-15 22:50:35+00:00,DESCENDING,91,42338,VV+VH,4897.1,12.0
S1A_IW_SLC__1SDV_20220327T225035_20220327T225105_042513_051211_0AA4,Sentinel-1A,2022-03-27 22:50:35+00:00,DESCENDING,91,42513,VV+VH,4909.1,12.0
S1A_IW_SLC__1SDV_20220408T225035_20220408T225105_042688_0517F4_0F06,Sentinel-1A,2022-04-08 22:50:35+00:00,DESCENDING,91,42688,VV+VH,4848.8,12.0
S1A_IW_SLC__1SDV_20220420T225036_20220420T225105_042863_051DD3_8E42,Sentinel-1A,2022-04-20 22:50:36+00:00,DESCENDING,91,42863,VV+VH,4864.5,12.0
S1A_IW_SLC__1SDV_20220502T225036_20220502T225106_043038_052396_786C,Sentinel-1A,2022-05-02 22:50:36+00:00,DESCENDING,91,43038,VV+VH,4865.2,12.0
S1A_IW_SLC__1SDV_20220514T225037_20220514T225107_043213_052937_16E4,Sentinel-1A,2022-05-14 22:50:37+00:00,DESCENDING,91,43213,VV+VH,5121.7,12.0
S1A_IW_SLC__1SDV_20220526T225038_20220526T225107_043388_052E67_C443,Sentinel-1A,2022-05-26 22:50:38+00:00,DESCENDING,91,43388,VV+VH,5103.6,12.0
S1A_IW_SLC__1SDV_20220607T225039_20220607T225109_043563_053398_BF9D,Sentinel-1A,2022-06-07 22:50:39+00:00,DESCENDING,91,43563,VV+VH,5100.0,12.0
S1A_IW_SLC__1SDV_20220619T225040_20220619T225109_043738_0538CB_9920,Sentinel-1A,2022-06-19 22:50:40+00:00,DESCENDING,91,43738,VV+VH,5068.2,12.0
S1A_IW_SLC__1SDV_20220701T225040_20220701T225110_043913_053E06_15E0,Sentinel-1A,2022-07-01 22:50:40+00:00,DESCENDING,91,43913,VV+VH,5096.8,12.0
S1A_IW_SLC__1SDV_20220713T225041_20220713T225111_044088_05433E_D3FF,Sentinel-1A,2022-07-13 22:50:41+00:00,DESCENDING,91,44088,VV+VH,5085.2,12.0
S1A_IW_SLC__1SDV_20220725T225042_20220725T225112_044263_054873_1713,Sentinel-1A,2022-07-25 22:50:42+00:00,DESCENDING,91,44263,VV+VH,5062.6,12.0
S1A_IW_SLC__1SDV_20220818T225043_20220818T225113_044613_05534A_83DF,Sentinel-1A,2022-08-18 22:50:43+00:00,DESCENDING,91,44613,VV+VH,5067.3,24.0
S1A_IW_SLC__1SDV_20220830T225044_20220830T225113_044788_05593D_4D22,Sentinel-1A,2022-08-30 22:50:44+00:00,DESCENDING,91,44788,VV+VH,5068.2,12.0
S1A_IW_SLC__1SDV_20220911T225044_20220911T225114_044963_055F16_7DE0,Sentinel-1A,2022-09-11 22:50:44+00:00,DESCENDING,91,44963,VV+VH,5104.1,12.0
S1A_IW_SLC__1SDV_20220923T225044_20220923T225114_045138_0564F9_8C12,Sentinel-1A,2022-09-23 22:50:44+00:00,DESCENDING,91,45138,VV+VH,5062.8,12.0
S1A_IW_SLC__1SDV_20221005T225044_20221005T225114_045313_056ADB_3C4F,Sentinel-1A,2022-10-05 22:50:44+00:00,DESCENDING,91,45313,VV+VH,5079.2,12.0
S1A_IW_SLC__1SDV_20221017T225045_20221017T225115_045488_057064_D1B4,Sentinel-1A,2022-10-17 22:50:45+00:00,DESCENDING,91,45488,VV+VH,5055.4,12.0
S1A_IW_SLC__1SDV_20221029T225045_20221029T225115_045663_0575EB_A895,Sentinel-1A,2022-10-29 22:50:45+00:00,DESCENDING,91,45663,VV+VH,5065.0,12.0
S1A_IW_SLC__1SDV_20221110T225044_20221110T225114_045838_057BD1_DCB7,Sentinel-1A,2022-11-10 22:50:44+00:00,DESCENDING,91,45838,VV+VH,5035.8,11.0
S1A_IW_SLC__1SDV_20221122T225044_20221122T225114_046013_0581BE_1166,Sentinel-1A,2022-11-22 22:50:44+00:00,DESCENDING,91,46013,VV+VH,5058.5,12.0
S1A_IW_SLC__1SDV_20221204T225044_20221204T225114_046188_0587B3_C645,Sentinel-1A,2022-12-04 22:50:44+00:00,DESCENDING,91,46188,VV+VH,5024.1,12.0
S1A_IW_SLC__1SDV_20221216T225043_20221216T225113_046363_058DAA_55A9,Sentinel-1A,2022-12-16 22:50:43+00:00,DESCENDING,91,46363,VV+VH,4991.2,11.0
S1A_IW_SLC__1SDV_20221228T225042_20221228T225112_046538_05939F_0D2B,Sentinel-1A,2022-12-28 22:50:42+00:00,DESCENDING,91,46538,VV+VH,4989.5,11.0
S1A_IW_SLC__1SDV_20230109T225041_20230109T225111_046713_059982_F20D,Sentinel-1A,2023-01-09 22:50:41+00:00,DESCENDING,91,46713,VV+VH,4996.7,11.0
S1A_IW_SLC__1SDV_20230121T225041_20230121T225111_046888_059F6A_6955,Sentinel-1A,2023-01-21 22:50:41+00:00,DESCENDING,91,46888,VV+VH,4994.4,12.0
S1A_IW_SLC__1SDV_20230202T225041_20230202T225111_047063_05A53F_B436,Sentinel-1A,2023-02-02 22:50:41+00:00,DESCENDING,91,47063,VV+VH,5023.8,12.0
S1A_IW_SLC__1SDV_20230214T225040_20230214T225110_047238_05AB18_244A,Sentinel-1A,2023-02-14 22:50:40+00:00,DESCENDING,91,47238,VV+VH,4994.3,11.0
S1A_IW_SLC__1SDV_20230226T225041_20230226T225110_047413_05B117_FC38,Sentinel-1A,2023-02-26 22:50:41+00:00,DESCENDING,91,47413,VV+VH,4965.7,12.0
S1A_IW_SLC__1SDV_20230310T225040_20230310T225110_047588_05B701_E6E7,Sentinel-1A,2023-03-10 22:50:40+00:00,DESCENDING,91,47588,VV+VH,5010.0,11.0
S1A_IW_SLC__1SDV_20230322T225040_20230322T225110_047763_05BCEE_22B8,Sentinel-1A,2023-03-22 22:50:40+00:00,DESCENDING,91,47763,VV+VH,5024.5,12.0
S1A_IW_SLC__1SDV_20230403T225041_20230403T225111_047938_05C2CF_1866,Sentinel-1A,2023-04-03 22:50:41+00:00,DESCENDING,91,47938,VV+VH,5051.4,12.0
S1A_IW_SLC__1SDV_20230415T225041_20230415T225111_048113_05C8BB_5080,Sentinel-1A,2023-04-15 22:50:41+00:00,DESCENDING,91,48113,VV+VH,5054.7,12.0
S1A_IW_SLC__1SDV_20230427T225042_20230427T225112_048288_05CE97_3636,Sentinel-1A,2023-04-27 22:50:42+00:00,DESCENDING,91,48288,VV+VH,5045.2,12.0
S1A_IW_SLC__1SDV_20230509T225042_20230509T225112_048463_05D467_484A,Sentinel-1A,2023-05-09 22:50:42+00:00,DESCENDING,91,48463,VV+VH,5096.7,12.0
S1A_IW_SLC__1SDV_20230521T225043_20230521T225113_048638_05D994_59DD,Sentinel-1A,2023-05-21 22:50:43+00:00,DESCENDING,91,48638,VV+VH,5052.4,12.0
S1A_IW_SLC__1SDV_20230602T225043_20230602T225113_048813_05DEC6_0AD7,Sentinel-1A,2023-06-02 22:50:43+00:00,DESCENDING,91,48813,VV+VH,5063.1,12.0
S1A_IW_SLC__1SDV_20230614T225044_20230614T225114_048988_05E421_C43F,Sentinel-1A,2023-06-14 22:50:44+00:00,DESCENDING,91,48988,VV+VH,5086.1,12.0
S1A_IW_SLC__1SDV_20230626T225044_20230626T225114_049163_05E970_BCE4,Sentinel-1A,2023-06-26 22:50:44+00:00,DESCENDING,91,49163,VV+VH,5114.2,12.0
S1A_IW_SLC__1SDV_20230708T225046_20230708T225116_049338_05EED8_17C1,Sentinel-1A,2023-07-08 22:50:46+00:00,DESCENDING,91,49338,VV+VH,5065.1,12.0
S1A_IW_SLC__1SDV_20230720T225046_20230720T225116_049513_05F42A_46FA,Sentinel-1A,2023-07-20 22:50:46+00:00,DESCENDING,91,49513,VV+VH,5113.2,12.0
S1A_IW_SLC__1SDV_20230801T225047_20230801T225117_049688_05F997_96E3,Sentinel-1A,2023-08-01 22:50:47+00:00,DESCENDING,91,49688,VV+VH,5117.3,12.0
S1A_IW_SLC__1SDV_20230813T225047_20230813T225117_049863_05FF4A_E6A4,Sentinel-1A,2023-08-13 22:50:47+00:00,DESCENDING,91,49863,VV+VH,5091.6,12.0
S1A_IW_SLC__1SDV_20230825T225048_20230825T225118_050038_06053E_49C1,Sentinel-1A,2023-08-25 22:50:48+00:00,DESCENDING,91,50038,VV+VH,5097.3,12.0
S1A_IW_SLC__1SDV_20230906T225049_20230906T225119_050213_060B3A_9693,Sentinel-1A,2023-09-06 22:50:49+00:00,DESCENDING,91,50213,VV+VH,5068.5,12.0
S1A_IW_SLC__1SDV_20230918T225049_20230918T225119_050388_061132_0F54,Sentinel-1A,2023-09-18 22:50:49+00:00,DESCENDING,91,50388,VV+VH,5104.8,12.0
S1A_IW_SLC__1SDV_20230930T225050_20230930T225120_050563_06172D_8716,Sentinel-1A,2023-09-30 22:50:50+00:00,DESCENDING,91,50563,VV+VH,7919.6,12.0
S1A_IW_SLC__1SDV_20231012T225049_20231012T225119_050738_061D2D_17EB,Sentinel-1A,2023-10-12 22:50:49+00:00,DESCENDING,91,50738,VV+VH,7919.6,11.0
S1A_IW_SLC__1SDV_20231024T225050_20231024T225119_050913_062326_84FE,Sentinel-1A,2023-10-24 22:50:50+00:00,DESCENDING,91,50913,VV+VH,7919.6,12.0
S1A_IW_SLC__1SDV_20231105T225049_20231105T225119_051088_062923_71D9,Sentinel-1A,2023-11-05 22:50:49+00:00,DESCENDING,91,51088,VV+VH,7919.3,11.0
S1A_IW_SLC__1SDV_20231117T225049_20231117T225119_051263_062F32_AF92,Sentinel-1A,2023-11-17 22:50:49+00:00,DESCENDING,91,51263,VV+VH,7919.5,12.0
S1A_IW_SLC__1SDV_20231129T225048_20231129T225118_051438_063536_C580,Sentinel-1A,2023-11-29 22:50:48+00:00,DESCENDING,91,51438,VV+VH,7919.5,11.0
S1A_IW_SLC__1SDV_20231211T225048_20231211T225118_051613_063B56_C028,Sentinel-1A,2023-12-11 22:50:48+00:00,DESCENDING,91,51613,VV+VH,7919.5,12.0
S1A_IW_SLC__1SDV_20231223T225047_20231223T225117_051788_06415E_0A64,Sentinel-1A,2023-12-23 22:50:47+00:00,DESCENDING,91,51788,VV+VH,7919.5,11.0
S1A_IW_SLC__1SDV_20240104T225047_20240104T225117_051963_06475D_9BDD,Sentinel-1A,2024-01-04 22:50:47+00:00,DESCENDING,91,51963,VV+VH,7919.5,12.0
S1A_IW_SLC__1SDV_20240116T225046_20240116T225116_052138_064D57_6FFB,Sentinel-1A,2024-01-16 22:50:46+00:00,DESCENDING,91,52138,VV+VH,7919.6,11.0
S1A_IW_SLC__1SDV_20240128T225046_20240128T225116_052313_065339_FC0B,Sentinel-1A,2024-01-28 22:50:46+00:00,DESCENDING,91,52313,VV+VH,7919.6,12.0
S1A_IW_SLC__1SDV_20240209T225045_20240209T225115_052488_065922_1864,Sentinel-1A,2024-02-09 22:50:45+00:00,DESCENDING,91,52488,VV+VH,7919.5,11.0
S1A_IW_SLC__1SDV_20240221T225045_20240221T225115_052663_065F13_1402,Sentinel-1A,2024-02-21 22:50:45+00:00,DESCENDING,91,52663,VV+VH,7919.6,12.0
S1A_IW_SLC__1SDV_20240304T225046_20240304T225115_052838_066506_49E2,Sentinel-1A,2024-03-04 22:50:46+00:00,DESCENDING,91,52838,VV+VH,7919.6,12.0
S1A_IW_SLC__1SDV_20240316T225046_20240316T225115_053013_066B1C_E572,Sentinel-1A,2024-03-16 22:50:46+00:00,DESCENDING,91,53013,VV+VH,7919.6,12.0
S1A_IW_SLC__1SDV_20240328T225046_20240328T225116_053188_0671CD_E558,Sentinel-1A,2024-03-28 22:50:46+00:00,DESCENDING,91,53188,VV+VH,7919.8,12.0
S1A_IW_SLC__1SDV_20240409T225045_20240409T225115_053363_0678A2_7496,Sentinel-1A,2024-04-09 22:50:45+00:00,DESCENDING,91,53363,VV+VH,7919.6,11.0
S1A_IW_SLC__1SDV_20240421T225047_20240421T225116_053538_067F89_1543,Sentinel-1A,2024-04-21 22:50:47+00:00,DESCENDING,91,53538,VV+VH,7919.3,12.0
S1A_IW_SLC__1SDV_20240503T225047_20240503T225117_053713_06866A_ABD9,Sentinel-1A,2024-05-03 22:50:47+00:00,DESCENDING,91,53713,VV+VH,7919.6,12.0
S1A_IW_SLC__1SDV_20240515T225047_20240515T225116_053888_068CB0_3AC8,Sentinel-1A,2024-05-15 22:50:47+00:00,DESCENDING,91,53888,VV+VH,7919.7,12.0
S1A_IW_SLC__1SDV_20240527T225047_20240527T225117_054063_0692C8_6099,Sentinel-1A,2024-05-27 22:50:47+00:00,DESCENDING,91,54063,VV+VH,7919.7,12.0
S1A_IW_SLC__1SDV_20240608T225046_20240608T225116_054238_0698D6_471E,Sentinel-1A,2024-06-08 22:50:46+00:00,DESCENDING,91,54238,VV+VH,7919.7,11.0
S1A_IW_SLC__1SDV_20240620T225046_20240620T225116_054413_069EE2_CAD3,Sentinel-1A,2024-06-20 22:50:46+00:00,DESCENDING,91,54413,VV+VH,7919.8,12.0
S1A_IW_SLC__1SDV_20240702T225045_20240702T225115_054588_06A4F9_E0F1,Sentinel-1A,2024-07-02 22:50:45+00:00,DESCENDING,91,54588,VV+VH,5137.0,11.0
S1A_IW_SLC__1SDV_20240714T225045_20240714T225115_054763_06AB06_8385,Sentinel-1A,2024-07-14 22:50:45+00:00,DESCENDING,91,54763,VV+VH,5105.2,12.0
S1A_IW_SLC__1SDV_20240726T225044_20240726T225114_054938_06B11D_E3A8,Sentinel-1A,2024-07-26 22:50:44+00:00,DESCENDING,91,54938,VV+VH,5077.9,11.0
S1A_IW_SLC__1SDV_20240807T225044_20240807T225114_055113_06B736_1E7F,Sentinel-1A,2024-08-07 22:50:44+00:00,DESCENDING,91,55113,VV+VH,5078.1,12.0
S1A_IW_SLC__1SDV_20240819T225045_20240819T225114_055288_06BD95_D174,Sentinel-1A,2024-08-19 22:50:45+00:00,DESCENDING,91,55288,VV+VH,5094.9,12.0
S1A_IW_SLC__1SDV_20240831T225045_20240831T225114_055463_06C40A_8C4D,Sentinel-1A,2024-08-31 22:50:45+00:00,DESCENDING,91,55463,VV+VH,5091.8,12.0
S1A_IW_SLC__1SDV_20240912T225045_20240912T225115_055638_06CAF6_54FF,Sentinel-1A,2024-09-12 22:50:45+00:00,DESCENDING,91,55638,VV+VH,5107.5,12.0
S1A_IW_SLC__1SDV_20240924T225045_20240924T225115_055813_06D1E0_3608,Sentinel-1A,2024-09-24 22:50:45+00:00,DESCENDING,91,55813,VV+VH,5058.7,12.0
S1A_IW_SLC__1SDV_20241006T225046_20241006T225116_055988_06D8C6_12AF,Sentinel-1A,2024-10-06 22:50:46+00:00,DESCENDING,91,55988,VV+VH,5057.8,12.0
S1A_IW_SLC__1SDV_20241018T225046_20241018T225116_056163_06DFB2_500C,Sentinel-1A,2024-10-18 22:50:46+00:00,DESCENDING,91,56163,VV+VH,5077.0,12.0
S1A_IW_SLC__1SDV_20241030T225046_20241030T225116_056338_06E6A2_8666,Sentinel-1A,2024-10-30 22:50:46+00:00,DESCENDING,91,56338,VV+VH,5056.7,12.0
S1A_IW_SLC__1SDV_20241111T225045_20241111T225115_056513_06ED9A_9748,Sentinel-1A,2024-11-11 22:50:45+00:00,DESCENDING,91,56513,VV+VH,5028.1,11.0
S1A_IW_SLC__1SDV_20241123T225045_20241123T225114_056688_06F499_5347,Sentinel-1A,2024-11-23 22:50:45+00:00,DESCENDING,91,56688,VV+VH,5006.5,12.0
S1A_IW_SLC__1SDV_20241205T225044_20241205T225114_056863_06FB82_3D6F,Sentinel-1A,2024-12-05 22:50:44+00:00,DESCENDING,91,56863,VV+VH,5032.3,11.0
S1A_IW_SLC__1SDV_20241217T225042_20241217T225112_057038_070274_7C6F,Sentinel-1A,2024-12-17 22:50:42+00:00,DESCENDING,91,57038,VV+VH,4979.7,11.0
S1A_IW_SLC__1SDV_20241229T225043_20241229T225113_057213_070960_FCBF,Sentinel-1A,2024-12-29 22:50:43+00:00,DESCENDING,91,57213,VV+VH,5152.9,12.0
S1A_IW_SLC__1SDV_20250110T225041_20250110T225110_057388_07104A_B83B,Sentinel-1A,2025-01-10 22:50:41+00:00,DESCENDING,91,57388,VV+VH,4963.7,11.0
S1A_IW_SLC__1SDV_20250122T225040_20250122T225110_057563_07173D_FC17,Sentinel-1A,2025-01-22 22:50:40+00:00,DESCENDING,91,57563,VV+VH,5014.2,11.0
S1A_IW_SLC__1SDV_20250215T225039_20250215T225108_057913_072531_0307,Sentinel-1A,2025-02-15 22:50:39+00:00,DESCENDING,91,57913,VV+VH,5044.5,23.0
S1A_IW_SLC__1SDV_20250227T225036_20250227T225105_058088_072C53_1D8B,Sentinel-1A,2025-02-27 22:50:36+00:00,DESCENDING,91,58088,VV+VH,5039.0,11.0
S1A_IW_SLC__1SDV_20250311T225039_20250311T225108_058263_07336A_F632,Sentinel-1A,2025-03-11 22:50:39+00:00,DESCENDING,91,58263,VV+VH,5058.4,12.0
S1A_IW_SLC__1SDV_20250323T225039_20250323T225109_058438_073A54_2AB4,Sentinel-1A,2025-03-23 22:50:39+00:00,DESCENDING,91,58438,VV+VH,5000.8,12.0
S1A_IW_SLC__1SDV_20250404T225039_20250404T225109_058613_07416C_111E,Sentinel-1A,2025-04-04 22:50:39+00:00,DESCENDING,91,58613,VV+VH,5029.1,12.0
S1A_IW_SLC__1SDV_20250416T225039_20250416T225109_058788_074892_2D51,Sentinel-1A,2025-04-16 22:50:39+00:00,DESCENDING,91,58788,VV+VH,5001.9,12.0
S1A_IW_SLC__1SDV_20250428T225040_20250428T225109_058963_074FC0_711F,Sentinel-1A,2025-04-28 22:50:40+00:00,DESCENDING,91,58963,VV+VH,5043.1,12.0
S1A_IW_SLC__1SDV_20250510T225039_20250510T225109_059138_075665_C898,Sentinel-1A,2025-05-10 22:50:39+00:00,DESCENDING,91,59138,VV+VH,5082.4,11.0
S1A_IW_SLC__1SDV_20250522T225039_20250522T225108_059313_075C76_CC80,Sentinel-1A,2025-05-22 22:50:39+00:00,DESCENDING,91,59313,VV+VH,5133.2,12.0
S1A_IW_SLC__1SDV_20250603T225038_20250603T225108_059488_076286_9766,Sentinel-1A,2025-06-03 22:50:38+00:00,DESCENDING,91,59488,VV+VH,5077.7,11.0
S1A_IW_SLC__1SDV_20250615T225037_20250615T225107_059663_07687E_1A88,Sentinel-1A,2025-06-15 22:50:37+00:00,DESCENDING,91,59663,VV+VH,5124.6,11.0
S1A_IW_SLC__1SDV_20250627T225037_20250627T225107_059838_076E90_011E,Sentinel-1A,2025-06-27 22:50:37+00:00,DESCENDING,91,59838,VV+VH,5128.5,12.0
S1A_IW_SLC__1SDV_20250709T225036_20250709T225106_060013_0774A0_BC72,Sentinel-1A,2025-07-09 22:50:36+00:00,DESCENDING,91,60013,VV+VH,5110.5,11.0
S1A_IW_SLC__1SDV_20250721T225036_20250721T225105_060188_077AA3_57A3,Sentinel-1A,2025-07-21 22:50:36+00:00,DESCENDING,91,60188,VV+VH,5113.9,12.0
S1C_IW_SLC__1SDV_20250727T224934_20250727T225004_003412_006DC5_5BEC,Sentinel-1C,2025-07-27 22:49:34+00:00,DESCENDING,91,3412,VV+VH,5216.3,5.0
S1A_IW_SLC__1SDV_20250802T225035_20250802T225105_060363_0780A7_8D13,Sentinel-1A,2025-08-02 22:50:35+00:00,DESCENDING,91,60363,VV+VH,5085.0,6.0
S1A_IW_SLC__1SDV_20250814T225035_20250814T225105_060538_07874E_76D7,Sentinel-1A,2025-08-14 22:50:35+00:00,DESCENDING,91,60538,VV+VH,5108.7,12.0
S1A_IW_SLC__1SDV_20250826T225036_20250826T225105_060713_078E33_80AA,Sentinel-1A,2025-08-26 22:50:36+00:00,DESCENDING,91,60713,VV+VH,5121.6,12.0
S1A_IW_SLC__1SDV_20250907T225036_20250907T225106_060888_079527_81F0,Sentinel-1A,2025-09-07 22:50:36+00:00,DESCENDING,91,60888,VV+VH,5071.1,12.0
S1A_IW_SLC__1SDV_20250919T225036_20250919T225106_061063_079C29_5505,Sentinel-1A,2025-09-19 22:50:36+00:00,DESCENDING,91,61063,VV+VH,5079.6,12.0
S1A_IW_SLC__1SDV_20251001T225036_20251001T225106_061238_07A33D_60F3,Sentinel-1A,2025-10-01 22:50:36+00:00,DESCENDING,91,61238,VV+VH,5112.6,12.0
S1A_IW_SLC__1SDV_20251013T225037_20251013T225106_061413_07AA46_BE64,Sentinel-1A,2025-10-13 22:50:37+00:00,DESCENDING,91,61413,VV+VH,5099.7,12.0
S1A_IW_SLC__1SDV_20251025T225036_20251025T225106_061588_07B14C_7CA8,Sentinel-1A,2025-10-25 22:50:36+00:00,DESCENDING,91,61588,VV+VH,5046.9,11.0
S1A_IW_SLC__1SDV_20251106T225036_20251106T225106_061763_07B830_6BF7,Sentinel-1A,2025-11-06 22:50:36+00:00,DESCENDING,91,61763,VV+VH,5071.4,12.0
S1A_IW_SLC__1SDV_20251118T225035_20251118T225105_061938_07BEFF_A3E2,Sentinel-1A,2025-11-18 22:50:35+00:00,DESCENDING,91,61938,VV+VH,5046.2,11.0
S1A_IW_SLC__1SDV_20251130T225034_20251130T225104_062113_07C5CE_2C08,Sentinel-1A,2025-11-30 22:50:34+00:00,DESCENDING,91,62113,VV+VH,5017.4,11.0
S1A_IW_SLC__1SDV_20251212T225033_20251212T225103_062288_07CCA4_1D6D,Sentinel-1A,2025-12-12 22:50:33+00:00,DESCENDING,91,62288,VV+VH,5099.0,11.0
S1A_IW_SLC__1SDV_20251224T225032_20251224T225101_062463_07D36C_5661,Sentinel-1A,2025-12-24 22:50:32+00:00,DESCENDING,91,62463,VV+VH,5020.5,11.0
S1A_IW_SLC__1SDV_20260105T225031_20260105T225100_062638_07DA32_5B87,Sentinel-1A,2026-01-05 22:50:31+00:00,DESCENDING,91,62638,VV+VH,5024.6,11.0
S1A_IW_SLC__1SDV_20260117T225030_20260117T225059_062813_07E0ED_5CE6,Sentinel-1A,2026-01-17 22:50:30+00:00,DESCENDING,91,62813,VV+VH,5023.9,11.0
S1A_IW_SLC__1SDV_20260129T225029_20260129T225059_062988_07E739_357B,Sentinel-1A,2026-01-29 22:50:29+00:00,DESCENDING,91,62988,VV+VH,5026.9,11.0
S1A_IW_SLC__1SDV_20260210T225028_20260210T225058_063163_07EDC1_2076,Sentinel-1A,2026-02-10 22:50:28+00:00,DESCENDING,91,63163,VV+VH,5070.5,11.0
S1A_IW_SLC__1SDV_20260222T225028_20260222T225058_063338_07F460_EF95,Sentinel-1A,2026-02-22 22:50:28+00:00,DESCENDING,91,63338,VV+VH,5069.6,12.0
S1A_IW_SLC__1SDV_20260318T225028_20260318T225057_063688_080194_CEF3,Sentinel-1A,2026-03-18 22:50:28+00:00,DESCENDING,91,63688,VV+VH,5038.0,24.0
S1A_IW_SLC__1SDV_20260330T225028_20260330T225057_063863_080814_446E,Sentinel-1A,2026-03-30 22:50:28+00:00,DESCENDING,91,63863,VV+VH,5058.2,12.0
S1A_IW_SLC__1SDV_20260411T225028_20260411T225058_064038_080EA7_29CA,Sentinel-1A,2026-04-11 22:50:28+00:00,DESCENDING,91,64038,VV+VH,5037.7,12.0
S1A_IW_SLC__1SDV_20260423T225028_20260423T225058_064213_08152B_DAC6,Sentinel-1A,2026-04-23 22:50:28+00:00,DESCENDING,91,64213,VV+VH,5045.5,12.0
S1A_IW_SLC__1SDV_20260505T225027_20260505T225057_064388_081BA8_3123,Sentinel-1A,2026-05-05 22:50:27+00:00,DESCENDING,91,64388,VV+VH,5048.4,11.0
S1A_IW_SLC__1SDV_20260517T225027_20260517T225057_064563_0821D6_A8F3,Sentinel-1A,2026-05-17 22:50:27+00:00,DESCENDING,91,64563,VV+VH,5106.6,12.0
S1A_IW_SLC__1SDV_20260529T225026_20260529T225056_064738_0827F9_84D4,Sentinel-1A,2026-05-29 22:50:26+00:00,DESCENDING,91,64738,VV+VH,5097.7,11.0
