{
  "type": "Feature",
  "properties": {
    "tenTinh": "T\u1ec9nh Cao B\u1eb1ng",
    "maTinh": "203",
    "tenXa": "X\u00e3 T\u0129nh T\u00fac",
    "maXa": "20313020",
    "danSo": "585",
    "dienTich": "86.79",
    "ghiChu": "Th\u1ecb tr\u1ea5n T\u0129nh T\u00fac, X\u00e3 Tri\u1ec7u Nguy\u00ean, X\u00e3 V\u0169 N\u00f4ng"
  },
  "geometry": {
    "type": "Polygon",
    "coordinates": [
      [
        [
          105.8360703966191,
          22.679397199054492
        ],
        [
          105.83606184104096,
          22.67941244810262
        ],
        [
          105.83597291674616,
          22.67961010172741
        ],
        [
          105.83581496569933,
          22.680074959057183
        ],
        [
          105.83578021275177,
          22.680222364535922
        ],
        [
          105.83571705685371,
          22.680654180824202
        ],
        [
          105.83569596724831,
          22.681013539674836
        ],
        [
          105.83570367692026,
          22.681406624736304
        ],
        [
          105.835737757904,
          22.68175395946274
        ],
        [
          105.83573786288716,
          22.68191878300224
        ],
        [
          105.8357379652346,
          22.682089789710133
        ],
        [
          105.83574996499445,
          22.682333699786515
        ],
        [
          105.83576321218291,
          22.682468879108225
        ],
        [
          105.8357696524879,
          22.68253454097983
        ],
        [
          105.83578964905486,
          22.682769648834306
        ],
        [
          105.83582033769244,
          22.683001981741704
        ],
        [
          105.83586281994104,
          22.68323848463781
        ],
        [
          105.83595697959446,
          22.683604099873477
        ],
        [
          105.83601528752224,
          22.683776566965758
        ],
        [
          105.8360816299013,
          22.683951581945053
        ],
        [
          105.83613971866356,
          22.68408954298478
        ],
        [
          105.83662731977006,
          22.684850336163013
        ],
        [
          105.837353126431,
          22.68542472950383
        ],
        [
          105.8374371733884,
          22.685471700254272
        ],
        [
          105.83756897185229,
          22.685545357410064
        ],
        [
          105.837603987307,
          22.68556461888608
        ],
        [
          105.83772181963961,
          22.685628410986734
        ],
        [
          105.83804724531089,
          22.685971411041933
        ],
        [
          105.83820080387653,
          22.686099380868875
        ],
        [
          105.83858972704762,
          22.686372671074686
        ],
        [
          105.83869030611717,
          22.686431772009463
        ],
        [
          105.83934043719665,
          22.68671659337613
        ],
        [
          105.8400458589373,
          22.68684539570482
        ],
        [
          105.84019399884137,
          22.68685515580568
        ],
        [
          105.8406799547163,
          22.686849554086866
        ],
        [
          105.84079109185772,
          22.68683965183126
        ],
        [
          105.84096705504564,
          22.686818952339102
        ],
        [
          105.84109405942546,
          22.68680035991147
        ],
        [
          105.84141668975307,
          22.686724730645143
        ],
        [
          105.84152158812286,
          22.686888610634494
        ],
        [
          105.84175080693112,
          22.687130332913892
        ],
        [
          105.84184648334076,
          22.687259783059897
        ],
        [
          105.84185430026665,
          22.687381165794115
        ],
        [
          105.84188106145346,
          22.687619341522726
        ],
        [
          105.84191829975404,
          22.68785097532722
        ],
        [
          105.84200056335395,
          22.688201627423872
        ],
        [
          105.8420250239138,
          22.688280378890006
        ],
        [
          105.8420529699748,
          22.68837035035438
        ],
        [
          105.84208136513195,
          22.688461751728173
        ],
        [
          105.84212588520802,
          22.688605080631433
        ],
        [
          105.84221355436654,
          22.68896311092498
        ],
        [
          105.84255113259631,
          22.689747565988625
        ],
        [
          105.8426877371244,
          22.68996076156403
        ],
        [
          105.84269593491108,
          22.690027439982945
        ],
        [
          105.84278237612585,
          22.690428330557054
        ],
        [
          105.84282125340974,
          22.690622193404007
        ],
        [
          105.84283100999079,
          22.690668590957056
        ],
        [
          105.84293185599826,
          22.69112686100618
        ],
        [
          105.84296190789568,
          22.691121167178437
        ],
        [
          105.84314866849472,
          22.691822120785783
        ],
        [
          105.84355133353107,
          22.69233984954466
        ],
        [
          105.84355524936147,
          22.692356446065766
        ],
        [
          105.84393763808933,
          22.693222059324853
        ],
        [
          105.84400124914707,
          22.69331568432094
        ],
        [
          105.84452092357373,
          22.693887130217686
        ],
        [
          105.8447152417212,
          22.694048974886083
        ],
        [
          105.84492322624243,
          22.69424241759694
        ],
        [
          105.84498352706318,
          22.694296908605764
        ],
        [
          105.84517422051735,
          22.69446432894831
        ],
        [
          105.84534671884639,
          22.694574343654498
        ],
        [
          105.8454428906115,
          22.694704500567628
        ],
        [
          105.84552227824052,
          22.69479322967716
        ],
        [
          105.84589843643273,
          22.695143100703763
        ],
        [
          105.84602562212179,
          22.695241555147675
        ],
        [
          105.84687669878795,
          22.69570001836608
        ],
        [
          105.84688382526886,
          22.69570248254443
        ],
        [
          105.84692181554944,
          22.69577727160029
        ],
        [
          105.8470142762165,
          22.695912049043358
        ],
        [
          105.84771152262661,
          22.696614862262532
        ],
        [
          105.84780589032586,
          22.696681368267548
        ],
        [
          105.84833506682516,
          22.696978053205523
        ],
        [
          105.84845580257202,
          22.697030449072003
        ],
        [
          105.84858267621776,
          22.697082141402188
        ],
        [
          105.8487455647606,
          22.697144273438237
        ],
        [
          105.84882386238127,
          22.697172922503263
        ],
        [
          105.84906339844144,
          22.69725688839464
        ],
        [
          105.84917173915024,
          22.697379126954914
        ],
        [
          105.84918170393433,
          22.697371523601515
        ],
        [
          105.8493533473584,
          22.697539864400493
        ],
        [
          105.84939499755991,
          22.697624937250612
        ],
        [
          105.8494684908008,
          22.697764310655103
        ],
        [
          105.84962744416698,
          22.69804509029669
        ],
        [
          105.8497184971422,
          22.69819426650496
        ],
        [
          105.84985101798776,
          22.69839620460625
        ],
        [
          105.85020041234785,
          22.698825842647516
        ],
        [
          105.85033288817081,
          22.698958879402745
        ],
        [
          105.85096213950895,
          22.699436171882855
        ],
        [
          105.85113682948102,
          22.699534595453013
        ],
        [
          105.85123836272095,
          22.699589240678634
        ],
        [
          105.85143963425051,
          22.699692606354102
        ],
        [
          105.8517679940888,
          22.699837252233564
        ],
        [
          105.85197975143791,
          22.69991595354701
        ],
        [
          105.85208917797834,
          22.69995428178046
        ],
        [
          105.85234328320712,
          22.700037931178986
        ],
        [
          105.85270800781329,
          22.700133776401326
        ],
        [
          105.85293036595506,
          22.700177978112123
        ],
        [
          105.85354427140851,
          22.700238108549453
        ],
        [
          105.85372959405441,
          22.700237987435358
        ],
        [
          105.85382808742759,
          22.7002363816223
        ],
        [
          105.8539868385382,
          22.700231307428616
        ],
        [
          105.85414174921597,
          22.700222527649967
        ],
        [
          105.85437219630055,
          22.70020375308031
        ],
        [
          105.85469865828439,
          22.700179896193646
        ],
        [
          105.85488966228326,
          22.7001826073728
        ],
        [
          105.85501577143118,
          22.700176010058794
        ],
        [
          105.85517894298027,
          22.700429638810107
        ],
        [
          105.85544085581836,
          22.700729844887938
        ],
        [
          105.8555296706382,
          22.700962974945817
        ],
        [
          105.85591487790701,
          22.70150761010673
        ],
        [
          105.8560772712393,
          22.701686048358876
        ],
        [
          105.85648541322789,
          22.70205464601778
        ],
        [
          105.85668059347103,
          22.70219937117111
        ],
        [
          105.85705331769117,
          22.702434444271816
        ],
        [
          105.85720162349072,
          22.70251318854127
        ],
        [
          105.85734409319022,
          22.702584051828193
        ],
        [
          105.85752413866817,
          22.702667738202297
        ],
        [
          105.85775719651011,
          22.702751445983182
        ],
        [
          105.85777355532709,
          22.702761332289725
        ],
        [
          105.85782474499466,
          22.70279651063452
        ],
        [
          105.85785422855056,
          22.702816508538234
        ],
        [
          105.8579865856645,
          22.70290510989676
        ],
        [
          105.85810730068948,
          22.70298172803163
        ],
        [
          105.85828736454282,
          22.70308997573561
        ],
        [
          105.85893612950032,
          22.70338162738961
        ],
        [
          105.85952916352437,
          22.703568532511017
        ],
        [
          105.8600464738217,
          22.703684078195963
        ],
        [
          105.86064461973059,
          22.70376513059218
        ],
        [
          105.86105248957863,
          22.703834661177826
        ],
        [
          105.86123092083159,
          22.703859818283703
        ],
        [
          105.86168302899175,
          22.703910356758758
        ],
        [
          105.862187369435,
          22.703976471043465
        ],
        [
          105.86260786548371,
          22.704003098010958
        ],
        [
          105.86304845906243,
          22.704001433045814
        ],
        [
          105.86332424136174,
          22.704001240257867
        ],
        [
          105.86368730375968,
          22.703979966170465
        ],
        [
          105.86385665198547,
          22.703960160689455
        ],
        [
          105.86387252462538,
          22.703958263353616
        ],
        [
          105.86410839510691,
          22.703929458660998
        ],
        [
          105.86427338450375,
          22.703903071821212
        ],
        [
          105.86441602702318,
          22.70389110501366
        ],
        [
          105.86450045300548,
          22.70388287287089
        ],
        [
          105.86481279497151,
          22.703848152017365
        ],
        [
          105.86497142593362,
          22.70382640464838
        ],
        [
          105.86538275715286,
          22.703759260211047
        ],
        [
          105.86543608140643,
          22.703926971582707
        ],
        [
          105.86550502602827,
          22.7040796358006
        ],
        [
          105.86561096955239,
          22.704288737369122
        ],
        [
          105.86571445388786,
          22.704472231395922
        ],
        [
          105.86576530682133,
          22.704566848147987
        ],
        [
          105.86608949674574,
          22.705040043859366
        ],
        [
          105.86621138798714,
          22.705182830601927
        ],
        [
          105.86636698768173,
          22.705346817602543
        ],
        [
          105.8663776518595,
          22.70553436069677
        ],
        [
          105.86647016722256,
          22.706082659402295
        ],
        [
          105.86659827078584,
          22.706533304893735
        ],
        [
          105.86668675234498,
          22.706791468370078
        ],
        [
          105.86686329707851,
          22.707229442571588
        ],
        [
          105.86722271706559,
          22.70785583858568
        ],
        [
          105.86740068627552,
          22.708032434148222
        ],
        [
          105.86713464422631,
          22.708260271728946
        ],
        [
          105.8670639826651,
          22.70832078130975
        ],
        [
          105.86643099069441,
          22.709103097946414
        ],
        [
          105.86633185794442,
          22.70928759243573
        ],
        [
          105.86604226651764,
          22.710202802993624
        ],
        [
          105.86611241703076,
          22.711154411730103
        ],
        [
          105.86613535941892,
          22.71123947118074
        ],
        [
          105.86655060572856,
          22.712101445518464
        ],
        [
          105.8672594149238,
          22.712778928550712
        ],
        [
          105.86739694808195,
          22.712871023963093
        ],
        [
          105.86826870890572,
          22.713269750421176
        ],
        [
          105.86851890766691,
          22.713339239918458
        ],
        [
          105.86863583336704,
          22.7133764477322
        ],
        [
          105.86872411508082,
          22.713398528504353
        ],
        [
          105.86878836309567,
          22.71347456272764
        ],
        [
          105.8690653352104,
          22.713736428281717
        ],
        [
          105.86970340664497,
          22.714192566285487
        ],
        [
          105.87001984050546,
          22.714359947985493
        ],
        [
          105.87071891583145,
          22.714625422316278
        ],
        [
          105.87074130023358,
          22.71463092131559
        ],
        [
          105.8707752785013,
          22.714803650939192
        ],
        [
          105.8708869686691,
          22.715386413011135
        ],
        [
          105.8713969951861,
          22.716501351684975
        ],
        [
          105.87157495451342,
          22.71672934633165
        ],
        [
          105.87208246574772,
          22.717230723908926
        ],
        [
          105.87244630782467,
          22.717509060010165
        ],
        [
          105.87294616323925,
          22.717817294450835
        ],
        [
          105.87332416537893,
          22.718001519147613
        ],
        [
          105.87336722231636,
          22.718044588989173
        ],
        [
          105.8735987107952,
          22.7182504988579
        ],
        [
          105.87428712327764,
          22.71870562959925
        ],
        [
          105.87508719534847,
          22.71895882195578
        ],
        [
          105.87546302341705,
          22.71897219125769
        ],
        [
          105.8754395433477,
          22.719026420023553
        ],
        [
          105.87540125307801,
          22.719065017599277
        ],
        [
          105.87533491624775,
          22.719152173649853
        ],
        [
          105.87493847964943,
          22.719890823983793
        ],
        [
          105.87480003935572,
          22.720705910931944
        ],
        [
          105.8749324357916,
          22.721521861610263
        ],
        [
          105.87497504952593,
          22.721648647413843
        ],
        [
          105.87519758274439,
          22.722136680345617
        ],
        [
          105.87524830066754,
          22.722223193181605
        ],
        [
          105.87539063454503,
          22.722440936925157
        ],
        [
          105.87546569262956,
          22.722544456075205
        ],
        [
          105.87569743588612,
          22.72282312089622
        ],
        [
          105.87584643647479,
          22.72298005592224
        ],
        [
          105.87588804384926,
          22.7230229493387
        ],
        [
          105.8760535606078,
          22.723189970540062
        ],
        [
          105.87648436303672,
          22.723546490355524
        ],
        [
          105.87669059272416,
          22.72368581864513
        ],
        [
          105.87698397331977,
          22.723885074244862
        ],
        [
          105.87715368902785,
          22.72400053461489
        ],
        [
          105.87751632606823,
          22.724211193146637
        ],
        [
          105.87767029209698,
          22.724286673377932
        ],
        [
          105.87789082777351,
          22.72438407382917
        ],
        [
          105.87809415989715,
          22.72446438316488
        ],
        [
          105.87823705152796,
          22.724516746815617
        ],
        [
          105.87842932470025,
          22.724581837902438
        ],
        [
          105.87863454787455,
          22.724643448377854
        ],
        [
          105.87874376836251,
          22.724672151051557
        ],
        [
          105.87892350768318,
          22.724732406759873
        ],
        [
          105.87902104016554,
          22.724769272253106
        ],
        [
          105.87920217448581,
          22.724851936171767
        ],
        [
          105.87933934222274,
          22.724919933464367
        ],
        [
          105.87950592473233,
          22.72501312764627
        ],
        [
          105.88033032650468,
          22.725327076822836
        ],
        [
          105.8808803544236,
          22.72536966318226
        ],
        [
          105.88083271416227,
          22.7256886838873
        ],
        [
          105.88082608038246,
          22.72581959185596
        ],
        [
          105.88094033367518,
          22.726707589034028
        ],
        [
          105.88096752610286,
          22.726793828553735
        ],
        [
          105.88108012378964,
          22.7270576841598
        ],
        [
          105.8810790589615,
          22.727058046021185
        ],
        [
          105.88111977823267,
          22.727161155764357
        ],
        [
          105.8811971709539,
          22.727337655274088
        ],
        [
          105.88138546515277,
          22.727727233551782
        ],
        [
          105.8815695087335,
          22.728048361109146
        ],
        [
          105.88182331882284,
          22.72842742811565
        ],
        [
          105.88188337940197,
          22.728513455061037
        ],
        [
          105.88213699734202,
          22.72886208794392
        ],
        [
          105.88232517162336,
          22.729093103563716
        ],
        [
          105.88251142985335,
          22.72929801315245
        ],
        [
          105.88278843287937,
          22.72956365585204
        ],
        [
          105.88282348175238,
          22.72959297329338
        ],
        [
          105.88298655776873,
          22.72975640712909
        ],
        [
          105.883156363397,
          22.72990855035253
        ],
        [
          105.88314854047714,
          22.72995831130976
        ],
        [
          105.88313785114124,
          22.730068929192104
        ],
        [
          105.88312751171532,
          22.730229203737757
        ],
        [
          105.88312375625911,
          22.73034474874802
        ],
        [
          105.88312416788807,
          22.730519886432184
        ],
        [
          105.8831299905776,
          22.730676377642023
        ],
        [
          105.88316236997704,
          22.730995847592737
        ],
        [
          105.88318242153129,
          22.731116481027232
        ],
        [
          105.88331522728423,
          22.731606428379077
        ],
        [
          105.88331592911787,
          22.731608270660413
        ],
        [
          105.88329927278654,
          22.7316590971809
        ],
        [
          105.88324980739614,
          22.731833104426947
        ],
        [
          105.88321354941289,
          22.73197630970409
        ],
        [
          105.88316438494641,
          22.732197273978436
        ],
        [
          105.88311689027246,
          22.732491558448086
        ],
        [
          105.88309785730699,
          22.73267948523251
        ],
        [
          105.88308515322684,
          22.73291018804623
        ],
        [
          105.88308375795195,
          22.7330642621249
        ],
        [
          105.88313986845256,
          22.733616065127233
        ],
        [
          105.88316057154934,
          22.733712539553363
        ],
        [
          105.8833544271803,
          22.734280476981937
        ],
        [
          105.88340675753211,
          22.73439012289617
        ],
        [
          105.88355808200306,
          22.734664013995708
        ],
        [
          105.88362557079806,
          22.734770758082597
        ],
        [
          105.88372395262289,
          22.73491566762602
        ],
        [
          105.88382812536577,
          22.735058863221365
        ],
        [
          105.8838821378821,
          22.735130583794078
        ],
        [
          105.88401993857887,
          22.735307411847135
        ],
        [
          105.88403202642496,
          22.735322808872517
        ],
        [
          105.88412081363332,
          22.73543507118726
        ],
        [
          105.8841501199846,
          22.735469593429002
        ],
        [
          105.88408939147003,
          22.735476002737318
        ],
        [
          105.88377680126969,
          22.735527659565868
        ],
        [
          105.88320578591947,
          22.735678885757768
        ],
        [
          105.88295700862321,
          22.735771033978384
        ],
        [
          105.88282487611312,
          22.735823507853212
        ],
        [
          105.88264174760586,
          22.735901232401574
        ],
        [
          105.8819642133275,
          22.736301435324098
        ],
        [
          105.88142978504489,
          22.73685766611687
        ],
        [
          105.88138359136997,
          22.736921656446686
        ],
        [
          105.88103639933372,
          22.73758129831169
        ],
        [
          105.88090122102312,
          22.738260876506615
        ],
        [
          105.88066848646017,
          22.738698601170245
        ],
        [
          105.8804035646972,
          22.73871083957045
        ],
        [
          105.87962022168128,
          22.738963456384173
        ],
        [
          105.87894496695365,
          22.739410067684638
        ],
        [
          105.87880374300417,
          22.739535031926625
        ],
        [
          105.8787415593924,
          22.739591723913076
        ],
        [
          105.87858246118454,
          22.73974116587993
        ],
        [
          105.87851056939522,
          22.73981114790181
        ],
        [
          105.87829036664033,
          22.74003330300479
        ],
        [
          105.87826518702376,
          22.740059035018888
        ],
        [
          105.878065409179,
          22.740265844364576
        ],
        [
          105.87774284592703,
          22.74066957898725
        ],
        [
          105.87758824502944,
          22.740906165696238
        ],
        [
          105.8773358808001,
          22.741397956094396
        ],
        [
          105.87729748501445,
          22.741497500499214
        ],
        [
          105.87712842821341,
          22.742318114537003
        ],
        [
          105.87712381253945,
          22.74244383653805
        ],
        [
          105.87732025931513,
          22.743517009293786
        ],
        [
          105.87735876281563,
          22.74360897498772
        ],
        [
          105.87787907114806,
          22.744344487775244
        ],
        [
          105.87804852509687,
          22.744847544533663
        ],
        [
          105.87855378402215,
          22.74552217835985
        ],
        [
          105.87925376906685,
          22.74602539791281
        ],
        [
          105.87928565383648,
          22.746036362907837
        ],
        [
          105.87931690193854,
          22.746058543129827
        ],
        [
          105.87937253388422,
          22.746097067775327
        ],
        [
          105.87960078977311,
          22.746251249137387
        ],
        [
          105.87967562009707,
          22.746300149693038
        ],
        [
          105.87984977174895,
          22.7464102094081
        ],
        [
          105.88011788082217,
          22.74656077858668
        ],
        [
          105.88040587458264,
          22.746703522914228
        ],
        [
          105.88057810343425,
          22.746782252626296
        ],
        [
          105.88079999072649,
          22.74687540617131
        ],
        [
          105.8811252277054,
          22.7469908195155
        ],
        [
          105.88126430489682,
          22.747031540862704
        ],
        [
          105.88128153744113,
          22.74703850295657
        ],
        [
          105.88140490389875,
          22.747085268828354
        ],
        [
          105.88160760082195,
          22.74715714783623
        ],
        [
          105.88169420190626,
          22.747188744743823
        ],
        [
          105.88171981461177,
          22.747205598524754
        ],
        [
          105.88186758420342,
          22.747296706786333
        ],
        [
          105.88202017987913,
          22.747384713185568
        ],
        [
          105.88205489477558,
          22.74740143194742
        ],
        [
          105.88217313697578,
          22.747596133048646
        ],
        [
          105.88252925751107,
          22.74812692767106
        ],
        [
          105.8825932906896,
          22.74821822527351
        ],
        [
          105.88259471816998,
          22.748220173735483
        ],
        [
          105.882370861378,
          22.74848822395807
        ],
        [
          105.8823208660393,
          22.748579309197353
        ],
        [
          105.88230815739483,
          22.748602742567645
        ],
        [
          105.8822228680094,
          22.74876192126638
        ],
        [
          105.88207910620793,
          22.749079384102128
        ],
        [
          105.88203637613586,
          22.74919357344009
        ],
        [
          105.88189538304152,
          22.749761449273752
        ],
        [
          105.88188301702142,
          22.749857699116266
        ],
        [
          105.88193579791462,
          22.75078155161449
        ],
        [
          105.88232058155455,
          22.751635095598335
        ],
        [
          105.882992523564,
          22.752318843238374
        ],
        [
          105.88387330553188,
          22.75275309674952
        ],
        [
          105.88411875373987,
          22.752827791995752
        ],
        [
          105.88450765426215,
          22.75291925344263
        ],
        [
          105.88464263082786,
          22.752941984796074
        ],
        [
          105.88499049269542,
          22.752980765480995
        ],
        [
          105.88519285168195,
          22.752991970572047
        ],
        [
          105.8857454054546,
          22.752973960563974
        ],
        [
          105.8859060040036,
          22.75295450403379
        ],
        [
          105.88599878824019,
          22.752955104531562
        ],
        [
          105.8861811332904,
          22.75300824836496
        ],
        [
          105.88650614616816,
          22.753087888675015
        ],
        [
          105.88698219767832,
          22.753166165158767
        ],
        [
          105.88717843052373,
          22.753183072363836
        ],
        [
          105.88807430017526,
          22.75313183871099
        ],
        [
          105.88821526472006,
          22.75310317908599
        ],
        [
          105.8886498406387,
          22.752981333457804
        ],
        [
          105.88883984350828,
          22.752912711123717
        ],
        [
          105.8891198114747,
          22.752795526380016
        ],
        [
          105.88934658324966,
          22.752686957416653
        ],
        [
          105.88972399363793,
          22.752471155763804
        ],
        [
          105.88997825135024,
          22.75229978801483
        ],
        [
          105.89021517482806,
          22.752105546089915
        ],
        [
          105.89034369395166,
          22.75229724155656
        ],
        [
          105.89041501790108,
          22.752403629399765
        ],
        [
          105.89064414191938,
          22.75283829533121
        ],
        [
          105.8907831678101,
          22.753044674524123
        ],
        [
          105.89083224343491,
          22.75311374648322
        ],
        [
          105.89113586552018,
          22.753627532019795
        ],
        [
          105.89045945146255,
          22.754668886777996
        ],
        [
          105.89024714794319,
          22.754955167881114
        ],
        [
          105.89011566733193,
          22.755129602004107
        ],
        [
          105.89013030263236,
          22.755139090883105
        ],
        [
          105.88973257330063,
          22.755736718851672
        ],
        [
          105.8897317297523,
          22.75573627581989
        ],
        [
          105.88971907598514,
          22.755756999807783
        ],
        [
          105.88965467012599,
          22.75585377543046
        ],
        [
          105.88958930299337,
          22.755941766318458
        ],
        [
          105.88935416425689,
          22.756384659659943
        ],
        [
          105.88931566411912,
          22.75641882851337
        ],
        [
          105.88899896384312,
          22.75674992809194
        ],
        [
          105.88886228331066,
          22.756918808304924
        ],
        [
          105.88872708746841,
          22.757024139378846
        ],
        [
          105.88864361282378,
          22.757086803376726
        ],
        [
          105.88828998149066,
          22.75740128177165
        ],
        [
          105.88805997967684,
          22.75764328787192
        ],
        [
          105.88795676577774,
          22.75772008412418
        ],
        [
          105.88727050877458,
          22.758453886725746
        ],
        [
          105.88690736164021,
          22.759364992594854
        ],
        [
          105.88691399159661,
          22.760336334322304
        ],
        [
          105.8869630967962,
          22.76057764034512
        ],
        [
          105.88707028282818,
          22.7609314150606
        ],
        [
          105.88707056750027,
          22.76093536740842
        ],
        [
          105.88710201300225,
          22.76129328021205
        ],
        [
          105.88714983505365,
          22.76160803287226
        ],
        [
          105.88721760189532,
          22.761920203266165
        ],
        [
          105.88751620373483,
          22.762681782183524
        ],
        [
          105.88804427260862,
          22.76332742445424
        ],
        [
          105.88875458541705,
          22.763799389586815
        ],
        [
          105.88958361872595,
          22.764055468806898
        ],
        [
          105.89120916976613,
          22.764316452819145
        ],
        [
          105.89125109356694,
          22.76432289266863
        ],
        [
          105.89148332603003,
          22.764356958180677
        ],
        [
          105.89150762184101,
          22.7643604249603
        ],
        [
          105.89230104229189,
          22.76447047004043
        ],
        [
          105.89231672477956,
          22.764792682446124
        ],
        [
          105.8923860016285,
          22.765018214780618
        ],
        [
          105.89257454264738,
          22.76547245619453
        ],
        [
          105.89269397453698,
          22.765697491226835
        ],
        [
          105.8927163873029,
          22.765736811387203
        ],
        [
          105.89269282305733,
          22.76581505251454
        ],
        [
          105.89258904982503,
          22.766684675019494
        ],
        [
          105.89278948184521,
          22.767539634260856
        ],
        [
          105.89327322967614,
          22.76829080220514
        ],
        [
          105.89398986658519,
          22.768859869636746
        ],
        [
          105.89713656730723,
          22.770632829968417
        ],
        [
          105.89805249013838,
          22.770968752102707
        ],
        [
          105.89903673640721,
          22.771003385406896
        ],
        [
          105.8999774762607,
          22.77073279505763
        ],
        [
          105.90076782398305,
          22.770187725533642
        ],
        [
          105.90099652245061,
          22.769965478565787
        ],
        [
          105.90144512372147,
          22.769396858783686
        ],
        [
          105.90164566104664,
          22.769057461761342
        ],
        [
          105.90189501923919,
          22.76849222338704
        ],
        [
          105.90204697063967,
          22.767993572058096
        ],
        [
          105.90207843927269,
          22.76788114909534
        ],
        [
          105.90223406115054,
          22.767271764753808
        ],
        [
          105.9022398963002,
          22.76722255518822
        ],
        [
          105.90231878762611,
          22.76714146495993
        ],
        [
          105.90255653024838,
          22.766815852517528
        ],
        [
          105.90260944152938,
          22.766740735651734
        ],
        [
          105.9027506121072,
          22.766532882575035
        ],
        [
          105.9030382462998,
          22.765978243425074
        ],
        [
          105.90311611252592,
          22.765770459219954
        ],
        [
          105.90326704099384,
          22.76511580760978
        ],
        [
          105.9033112180257,
          22.76464497313731
        ],
        [
          105.90326291975906,
          22.76386691652827
        ],
        [
          105.9030261140538,
          22.76279348060374
        ],
        [
          105.90302215942717,
          22.762548894997465
        ],
        [
          105.90300105377277,
          22.762261900497755
        ],
        [
          105.9029519954441,
          22.7618883471952
        ],
        [
          105.90292830004688,
          22.76151779913384
        ],
        [
          105.9029282230879,
          22.76145123135116
        ],
        [
          105.90279442824567,
          22.76064351974295
        ],
        [
          105.9024070817559,
          22.759909525462163
        ],
        [
          105.90180141194195,
          22.75931599692067
        ],
        [
          105.90148939214401,
          22.75915405002919
        ],
        [
          105.90164516053149,
          22.759060936624362
        ],
        [
          105.90183029636225,
          22.758926653576577
        ],
        [
          105.9020550485871,
          22.758768138505726
        ],
        [
          105.90247940713029,
          22.758486949743027
        ],
        [
          105.9025036945059,
          22.75848971973748
        ],
        [
          105.90284243750231,
          22.758706176816336
        ],
        [
          105.90284714875588,
          22.758709181001485
        ],
        [
          105.90349971153209,
          22.759124421061575
        ],
        [
          105.90391556694408,
          22.75940220034943
        ],
        [
          105.90439970619467,
          22.759833596033328
        ],
        [
          105.90457190230987,
          22.760057938153412
        ],
        [
          105.9049340052931,
          22.7604459185668
        ],
        [
          105.90511046725119,
          22.760602248251036
        ],
        [
          105.90526105804913,
          22.760744370080538
        ],
        [
          105.9058087146817,
          22.761324310150336
        ],
        [
          105.90650661453307,
          22.76186434466302
        ],
        [
          105.90734968589028,
          22.76217936157239
        ],
        [
          105.90825634604768,
          22.762238877110182
        ],
        [
          105.90913885794508,
          22.762037132152415
        ],
        [
          105.90991182183205,
          22.761593649555873
        ],
        [
          105.910500440528,
          22.76095134459479
        ],
        [
          105.91084775788035,
          22.760172371510674
        ],
        [
          105.91087269094103,
          22.759883050455343
        ],
        [
          105.91097147900146,
          22.759739734490783
        ],
        [
          105.91104452740379,
          22.7596375605585
        ],
        [
          105.91160214384742,
          22.759865142926582
        ],
        [
          105.91182550588452,
          22.759920278830908
        ],
        [
          105.91295580933868,
          22.759988579751074
        ],
        [
          105.9131864577328,
          22.759960613068305
        ],
        [
          105.91359288519375,
          22.759857394444147
        ],
        [
          105.9140978531586,
          22.75987066339826
        ],
        [
          105.91439540994715,
          22.75984958080016
        ],
        [
          105.91498029785978,
          22.759751924565407
        ],
        [
          105.91524069828941,
          22.75968248012263
        ],
        [
          105.91622855923315,
          22.759216124722936
        ],
        [
          105.91645895444701,
          22.75904971113004
        ],
        [
          105.91686500101781,
          22.758693599004527
        ],
        [
          105.91702152421803,
          22.75852726590394
        ],
        [
          105.91705557651511,
          22.758478745055793
        ],
        [
          105.91741496263916,
          22.758234325681364
        ],
        [
          105.91785349762189,
          22.757873063424555
        ],
        [
          105.91805044575844,
          22.757737485207258
        ],
        [
          105.91855896511025,
          22.757290372676003
        ],
        [
          105.91872550166815,
          22.757103942952682
        ],
        [
          105.9188576826257,
          22.75696591311709
        ],
        [
          105.91908571309644,
          22.756694965447334
        ],
        [
          105.91916763301953,
          22.75658374391103
        ],
        [
          105.91974040499964,
          22.75619068966807
        ],
        [
          105.92004785492507,
          22.755835163713115
        ],
        [
          105.92011802349796,
          22.7557856932402
        ],
        [
          105.92043093060727,
          22.755530468074475
        ],
        [
          105.92054851844162,
          22.75541980156965
        ],
        [
          105.92096976138028,
          22.75491668753019
        ],
        [
          105.92101862541057,
          22.75484150328041
        ],
        [
          105.9213542107685,
          22.754637463385986
        ],
        [
          105.9214656890409,
          22.754546581049865
        ],
        [
          105.92159686287035,
          22.754432826792552
        ],
        [
          105.92189146962555,
          22.754161130054868
        ],
        [
          105.92209333784015,
          22.7539547555915
        ],
        [
          105.92226579882316,
          22.75375910680614
        ],
        [
          105.92231004022693,
          22.753717980511755
        ],
        [
          105.92252885737233,
          22.75348768350673
        ],
        [
          105.92259273466388,
          22.75343419129647
        ],
        [
          105.9226758673653,
          22.75335448088828
        ],
        [
          105.9227768660959,
          22.753265574624862
        ],
        [
          105.92302042175665,
          22.7530232616403
        ],
        [
          105.92307245950009,
          22.75296468570346
        ],
        [
          105.92322665118813,
          22.75304155567194
        ],
        [
          105.92351568008584,
          22.753133086194
        ],
        [
          105.9243674559868,
          22.753277101004176
        ],
        [
          105.92448625433198,
          22.753280583994258
        ],
        [
          105.92467870063821,
          22.753266615249153
        ],
        [
          105.92472090196691,
          22.753278085683903
        ],
        [
          105.92554620924956,
          22.753387450097506
        ],
        [
          105.9256727927463,
          22.753387304011962
        ],
        [
          105.92652563483665,
          22.75326826089473
        ],
        [
          105.92666813621254,
          22.75322773706275
        ],
        [
          105.92706394235509,
          22.753085253096746
        ],
        [
          105.92720632423544,
          22.753022605933978
        ],
        [
          105.92757109233766,
          22.75283125742883
        ],
        [
          105.9276270322785,
          22.752796780047426
        ],
        [
          105.92768766927,
          22.752776481226405
        ],
        [
          105.92832191798128,
          22.752478908247678
        ],
        [
          105.92885992150622,
          22.75204809630826
        ],
        [
          105.92906520570476,
          22.75183816759307
        ],
        [
          105.92939358019473,
          22.751431453238624
        ],
        [
          105.92955227026984,
          22.75119077789474
        ],
        [
          105.92965921612122,
          22.751014053974995
        ],
        [
          105.92967176649039,
          22.750991366837187
        ],
        [
          105.92994053784757,
          22.750661459917218
        ],
        [
          105.93000884543281,
          22.750574047460383
        ],
        [
          105.93012352416066,
          22.750420966832454
        ],
        [
          105.9301476946979,
          22.750396625707346
        ],
        [
          105.93024694399845,
          22.750301676316685
        ],
        [
          105.93025739836003,
          22.750291977776804
        ],
        [
          105.93026529943609,
          22.75028540900666
        ],
        [
          105.9303228432753,
          22.75023626406921
        ],
        [
          105.93038327008598,
          22.750183253047826
        ],
        [
          105.93039815034646,
          22.75017061974492
        ],
        [
          105.93070475219193,
          22.75016744726421
        ],
        [
          105.93072268204939,
          22.75016721068125
        ],
        [
          105.93140428546965,
          22.750156275021414
        ],
        [
          105.93171472134019,
          22.750135918265258
        ],
        [
          105.93245323544049,
          22.75005063414972
        ],
        [
          105.93278264587398,
          22.74999465329487
        ],
        [
          105.9330610067996,
          22.74993186594446
        ],
        [
          105.9332040402611,
          22.74989960233386
        ],
        [
          105.93367521032803,
          22.74975297381361
        ],
        [
          105.93402975795858,
          22.749610486107635
        ],
        [
          105.93431542421156,
          22.749496879802727
        ],
        [
          105.9348721310498,
          22.749204833995215
        ],
        [
          105.93516238904108,
          22.74901083686912
        ],
        [
          105.93583195425927,
          22.748387138047633
        ],
        [
          105.93599168431501,
          22.74817967176912
        ],
        [
          105.93636275183577,
          22.747523309480794
        ],
        [
          105.93652821352846,
          22.746798251251423
        ],
        [
          105.93653932647213,
          22.746654145153894
        ],
        [
          105.93650167528169,
          22.745986539918853
        ],
        [
          105.93628895573684,
          22.745347799944053
        ],
        [
          105.93623287502554,
          22.745232333923155
        ],
        [
          105.93567839018021,
          22.744470342513218
        ],
        [
          105.93556696451168,
          22.744362505489853
        ],
        [
          105.93546814069764,
          22.74424982162357
        ],
        [
          105.93537524274295,
          22.7441490355785
        ],
        [
          105.93515270620881,
          22.743919232353825
        ],
        [
          105.93495816336923,
          22.743496706907308
        ],
        [
          105.93495061174042,
          22.74307164620735
        ],
        [
          105.93493964756284,
          22.74296700547684
        ],
        [
          105.9349147065068,
          22.742789854095072
        ],
        [
          105.93489337407831,
          22.74266940755566
        ],
        [
          105.93484039589046,
          22.74243537463263
        ],
        [
          105.9348053525012,
          22.742308659324383
        ],
        [
          105.93462640629258,
          22.741843046778502
        ],
        [
          105.93451898117193,
          22.741627925639786
        ],
        [
          105.93445778862822,
          22.74151263553196
        ],
        [
          105.93441777843844,
          22.74144155841168
        ],
        [
          105.93435077227271,
          22.741156076520454
        ],
        [
          105.93433754835989,
          22.74110236804003
        ],
        [
          105.93431342956947,
          22.741008802522675
        ],
        [
          105.93429579847253,
          22.740943954007342
        ],
        [
          105.93426161778272,
          22.740824472936165
        ],
        [
          105.93425278019772,
          22.7407590858445
        ],
        [
          105.93418720129644,
          22.7404350853192
        ],
        [
          105.93415723920454,
          22.740324607912786
        ],
        [
          105.93391585600962,
          22.739735218103302
        ],
        [
          105.93386113573638,
          22.739637638020817
        ],
        [
          105.93323471000326,
          22.738883160783274
        ],
        [
          105.9331682512346,
          22.73882710958138
        ],
        [
          105.93288467695758,
          22.738630218125124
        ],
        [
          105.93288653831624,
          22.73862795886705
        ],
        [
          105.93232382963869,
          22.73822908214559
        ],
        [
          105.9318917608621,
          22.737833035231052
        ],
        [
          105.9318348642029,
          22.73778227279503
        ],
        [
          105.93108964796077,
          22.7371351466579
        ],
        [
          105.93069794487252,
          22.73674064482159
        ],
        [
          105.93002848630265,
          22.736066397767974
        ],
        [
          105.92918780421049,
          22.735151812251612
        ],
        [
          105.9290251572526,
          22.734988887367447
        ],
        [
          105.92889342890545,
          22.734867326998085
        ],
        [
          105.92883670451933,
          22.734806670432032
        ],
        [
          105.92842846201279,
          22.73444694350811
        ],
        [
          105.9283478445707,
          22.734388520383956
        ],
        [
          105.92727681076822,
          22.733899453704634
        ],
        [
          105.92711853164548,
          22.73386170131933
        ],
        [
          105.92703153684579,
          22.733842264032603
        ],
        [
          105.92681755081915,
          22.733797657746102
        ],
        [
          105.92662847833074,
          22.733764272379215
        ],
        [
          105.92652386852004,
          22.733749094354263
        ],
        [
          105.92638851972606,
          22.733714505722332
        ],
        [
          105.9261237124165,
          22.733534271289074
        ],
        [
          105.92584413491352,
          22.733365865183227
        ],
        [
          105.9255477242675,
          22.733208858065385
        ],
        [
          105.9255544002163,
          22.733200440271656
        ],
        [
          105.92572655033797,
          22.732949584750546
        ],
        [
          105.92583277272938,
          22.732781787612907
        ],
        [
          105.9259270074682,
          22.732619880193916
        ],
        [
          105.92621417837903,
          22.731894636214253
        ],
        [
          105.92625230701611,
          22.731727843653672
        ],
        [
          105.92630311617208,
          22.731418468528574
        ],
        [
          105.92630951688608,
          22.731355088058994
        ],
        [
          105.926312841202,
          22.73133624622793
        ],
        [
          105.92643978024282,
          22.73116015833904
        ],
        [
          105.92648846334686,
          22.731086324620577
        ],
        [
          105.92682438957222,
          22.73035163358008
        ],
        [
          105.92685706028205,
          22.73023458408627
        ],
        [
          105.92691650541056,
          22.729966442608312
        ],
        [
          105.92694438891661,
          22.729797911227635
        ],
        [
          105.92697506552447,
          22.729512277589635
        ],
        [
          105.92698785508604,
          22.729256268539856
        ],
        [
          105.92697871276478,
          22.728882676635283
        ],
        [
          105.9269320029484,
          22.728411495798806
        ],
        [
          105.92693019181081,
          22.728393858523397
        ],
        [
          105.92689690040683,
          22.728080512712996
        ],
        [
          105.92689520593835,
          22.72782811517727
        ],
        [
          105.92689174891076,
          22.727712121177337
        ],
        [
          105.92686748829907,
          22.72725368752145
        ],
        [
          105.92685942329345,
          22.727064565813688
        ],
        [
          105.9268209609746,
          22.7267206593524
        ],
        [
          105.92679679630622,
          22.72658785587012
        ],
        [
          105.926567388684,
          22.725900717870342
        ],
        [
          105.92615117614223,
          22.725293780766542
        ],
        [
          105.92557748899367,
          22.724809812028134
        ],
        [
          105.92542368841808,
          22.72471118055624
        ],
        [
          105.92495132322614,
          22.724464927116905
        ],
        [
          105.92469989262172,
          22.72436101561947
        ],
        [
          105.92425542395628,
          22.72417590168124
        ],
        [
          105.92420326417745,
          22.724154741965574
        ],
        [
          105.92374357587406,
          22.72397318790874
        ],
        [
          105.92320351768264,
          22.72372963631382
        ],
        [
          105.92306554414255,
          22.7236714687363
        ],
        [
          105.92249936088096,
          22.72344902542424
        ],
        [
          105.92236947239395,
          22.723401358694655
        ],
        [
          105.92205504357109,
          22.723293960480312
        ],
        [
          105.92156009194835,
          22.723169403031974
        ],
        [
          105.92134809498012,
          22.723134223571147
        ],
        [
          105.92117954992983,
          22.723110938424643
        ],
        [
          105.92102023702829,
          22.72309331766204
        ],
        [
          105.9208804161574,
          22.723081007100262
        ],
        [
          105.92082300607696,
          22.723077241679924
        ],
        [
          105.92073528516056,
          22.723010902207154
        ],
        [
          105.92071594113825,
          22.722989819151593
        ],
        [
          105.92025473792643,
          22.722487148647822
        ],
        [
          105.92008610616084,
          22.722301650104974
        ],
        [
          105.9199161755683,
          22.722064486453323
        ],
        [
          105.91976974903622,
          22.72187788236372
        ],
        [
          105.9196965628445,
          22.72179250787491
        ],
        [
          105.91968479758368,
          22.72177372315291
        ],
        [
          105.91960868866403,
          22.721658880388638
        ],
        [
          105.91940006984247,
          22.721360961632033
        ],
        [
          105.91935148713203,
          22.72129379856692
        ],
        [
          105.91921906000314,
          22.721116501718964
        ],
        [
          105.91906358054412,
          22.720869178618248
        ],
        [
          105.91905859164227,
          22.720861273425854
        ],
        [
          105.91872965168304,
          22.72034206206473
        ],
        [
          105.91941744834341,
          22.720129367339922
        ],
        [
          105.91984263491038,
          22.71999962433761
        ],
        [
          105.91986564182146,
          22.719992603758964
        ],
        [
          105.91996901000385,
          22.719968595275642
        ],
        [
          105.92019869558175,
          22.719915252787864
        ],
        [
          105.92030251380382,
          22.719902137975375
        ],
        [
          105.92045546047208,
          22.71987896800479
        ],
        [
          105.9212793746083,
          22.719733235927432
        ],
        [
          105.92166407738024,
          22.71968708432693
        ],
        [
          105.92174773309303,
          22.719675904480884
        ],
        [
          105.9222977513994,
          22.71959484658635
        ],
        [
          105.92259757513412,
          22.71953554904184
        ],
        [
          105.92303728773236,
          22.719425920735535
        ],
        [
          105.92345590995014,
          22.71928916020063
        ],
        [
          105.92364938865234,
          22.719210156707728
        ],
        [
          105.9238372147575,
          22.71912590938685
        ],
        [
          105.92396786431148,
          22.719061870236484
        ],
        [
          105.92434598216693,
          22.71884063944168
        ],
        [
          105.92442427065473,
          22.718786646584515
        ],
        [
          105.92517564244719,
          22.718022475103567
        ],
        [
          105.9252370323095,
          22.717929054197437
        ],
        [
          105.92529444864304,
          22.71778692137638
        ],
        [
          105.9253609283464,
          22.71775922920787
        ],
        [
          105.9259148862929,
          22.717463930041433
        ],
        [
          105.92609577979412,
          22.717359171655957
        ],
        [
          105.92642872510342,
          22.7171503120325
        ],
        [
          105.92668326227964,
          22.717014229490033
        ],
        [
          105.92686504859016,
          22.716908608539388
        ],
        [
          105.92696674640347,
          22.71684458048417
        ],
        [
          105.92736623720144,
          22.716521462337315
        ],
        [
          105.92751564356672,
          22.716545642447382
        ],
        [
          105.92765313326653,
          22.71656477797909
        ],
        [
          105.92783282607986,
          22.716585743789953
        ],
        [
          105.92805710221083,
          22.716616946689278
        ],
        [
          105.92813265474393,
          22.716626524296004
        ],
        [
          105.92835079297973,
          22.716651490635808
        ],
        [
          105.92847739327689,
          22.71666338929148
        ],
        [
          105.92863435635601,
          22.716674943412453
        ],
        [
          105.92915755229981,
          22.716669843825137
        ],
        [
          105.93096589611379,
          22.716501184406855
        ],
        [
          105.93137161212192,
          22.71646334121028
        ],
        [
          105.93378274365962,
          22.716238419957364
        ],
        [
          105.93385968397062,
          22.716271220467704
        ],
        [
          105.93406577432248,
          22.71634376667166
        ],
        [
          105.93415062944844,
          22.716372253420282
        ],
        [
          105.93432388837145,
          22.716427625338316
        ],
        [
          105.93498214418274,
          22.716561708934744
        ],
        [
          105.93511305073994,
          22.71657395708547
        ],
        [
          105.93531641077352,
          22.71658635488574
        ],
        [
          105.93550848755862,
          22.71659183186491
        ],
        [
          105.93592213667847,
          22.716576397159276
        ],
        [
          105.93647227622303,
          22.716519446706712
        ],
        [
          105.93683333482876,
          22.7164605951861
        ],
        [
          105.93716104162677,
          22.71638725360758
        ],
        [
          105.93740861075858,
          22.716321001014965
        ],
        [
          105.93764787394,
          22.716246218683168
        ],
        [
          105.93791879362284,
          22.716519052853748
        ],
        [
          105.93810995956783,
          22.71667733549674
        ],
        [
          105.93812525063267,
          22.716697996138315
        ],
        [
          105.9382883902906,
          22.716900823537898
        ],
        [
          105.9383231386421,
          22.71694300374334
        ],
        [
          105.93868586481774,
          22.71766946724696
        ],
        [
          105.93929222885258,
          22.718282884581022
        ],
        [
          105.94007067550281,
          22.71869663880777
        ],
        [
          105.94094776686562,
          22.71887169631932
        ],
        [
          105.94122873506302,
          22.718846477381174
        ],
        [
          105.94124474598553,
          22.718861539904633
        ],
        [
          105.94178723995486,
          22.719262987241517
        ],
        [
          105.94241650442288,
          22.719534387735344
        ],
        [
          105.9426877330776,
          22.71961668809631
        ],
        [
          105.94331885431949,
          22.719738749828814
        ],
        [
          105.9441114738256,
          22.719808778657146
        ],
        [
          105.94460466972942,
          22.719813546174795
        ],
        [
          105.94548160476351,
          22.719753143428065
        ],
        [
          105.94588688835339,
          22.719698519169906
        ],
        [
          105.946266391982,
          22.719621844495215
        ],
        [
          105.94632208536711,
          22.719619936003323
        ],
        [
          105.94661876818675,
          22.719595673380844
        ],
        [
          105.9467712910729,
          22.71957588790254
        ],
        [
          105.94677103250432,
          22.71957417247087
        ],
        [
          105.94712146638047,
          22.71955316464694
        ],
        [
          105.94791739946824,
          22.719278335777705
        ],
        [
          105.9485944676374,
          22.718802717143138
        ],
        [
          105.94909543445131,
          22.718166516653078
        ],
        [
          105.94937795242049,
          22.717423516791698
        ],
        [
          105.9494027040344,
          22.717306166435396
        ],
        [
          105.94945552286235,
          22.716873888645342
        ],
        [
          105.9494823051732,
          22.716109979684806
        ],
        [
          105.94996441685599,
          22.715580466870914
        ],
        [
          105.95030394856896,
          22.714847660083272
        ],
        [
          105.95039879432936,
          22.714054890609795
        ],
        [
          105.95024074058439,
          22.713270846569856
        ],
        [
          105.95018740878099,
          22.713175879749976
        ],
        [
          105.9501857055334,
          22.71304110306303
        ],
        [
          105.95024269217976,
          22.712868561418645
        ],
        [
          105.95028572888502,
          22.71261274083326
        ],
        [
          105.95023011319337,
          22.7116695924987
        ],
        [
          105.95045553480634,
          22.711307867033913
        ],
        [
          105.95059857577618,
          22.711001712842428
        ],
        [
          105.95081830598214,
          22.71024990831364
        ],
        [
          105.95079843701505,
          22.70947117364749
        ],
        [
          105.95054061460101,
          22.70872985631812
        ],
        [
          105.9504884531514,
          22.708631276038474
        ],
        [
          105.95059254256635,
          22.708572174094428
        ],
        [
          105.9509705421182,
          22.708252180489303
        ],
        [
          105.95113666396894,
          22.708099818312768
        ],
        [
          105.95123959665688,
          22.7079975429691
        ],
        [
          105.95167521190167,
          22.707434984637647
        ],
        [
          105.95211118037662,
          22.706685377330373
        ],
        [
          105.95221940837789,
          22.70654150991897
        ],
        [
          105.95230148216606,
          22.706477584363125
        ],
        [
          105.95293212361385,
          22.705790020384317
        ],
        [
          105.95319481148819,
          22.705381300498427
        ],
        [
          105.95354661083091,
          22.704541393584993
        ],
        [
          105.95358211698947,
          22.70364089701066
        ],
        [
          105.95329740980954,
          22.702779385280888
        ],
        [
          105.95303723500156,
          22.702449416250676
        ],
        [
          105.95303444947793,
          22.70214385533304
        ],
        [
          105.9527083953649,
          22.70129528673531
        ],
        [
          105.95210054070627,
          22.700592783085497
        ],
        [
          105.95127806893885,
          22.700113984971246
        ],
        [
          105.95033187987808,
          22.69991180855653
        ],
        [
          105.94936654434399,
          22.700008598113897
        ],
        [
          105.94898055292279,
          22.70010950700563
        ],
        [
          105.94842301760272,
          22.700314623388387
        ],
        [
          105.94824363795449,
          22.700401345743202
        ],
        [
          105.94818774727779,
          22.700423834820228
        ],
        [
          105.94749605229445,
          22.700815904534178
        ],
        [
          105.9472692142088,
          22.70098876891195
        ],
        [
          105.94707716185584,
          22.7011488219903
        ],
        [
          105.94671427967609,
          22.70147926442189
        ],
        [
          105.94672389117795,
          22.701488350774024
        ],
        [
          105.94628172178278,
          22.701871634474553
        ],
        [
          105.94550115976331,
          22.701763180656595
        ],
        [
          105.94471236924103,
          22.701782107764355
        ],
        [
          105.94442065099248,
          22.701802706464036
        ],
        [
          105.94357240113348,
          22.701902447997405
        ],
        [
          105.94349669922559,
          22.701912284729026
        ],
        [
          105.9432876667938,
          22.701942039036563
        ],
        [
          105.94297953114106,
          22.701741992007733
        ],
        [
          105.94247164457457,
          22.701481779208574
        ],
        [
          105.9420662651144,
          22.70131011265799
        ],
        [
          105.94145717469142,
          22.701102659223938
        ],
        [
          105.94125535079282,
          22.70101238106055
        ],
        [
          105.94085837580698,
          22.7008010211251
        ],
        [
          105.94072507832841,
          22.700730048507314
        ],
        [
          105.94046486647262,
          22.700445455096876
        ],
        [
          105.94039462811693,
          22.700371410318173
        ],
        [
          105.94023341785993,
          22.700207574469246
        ],
        [
          105.9401673769651,
          22.700142639240255
        ],
        [
          105.93981213407795,
          22.699804673812974
        ],
        [
          105.93961695165446,
          22.699635237151014
        ],
        [
          105.9394707411485,
          22.69951948734976
        ],
        [
          105.93945253181178,
          22.699500770668706
        ],
        [
          105.93933740255528,
          22.699389014834157
        ],
        [
          105.93909784813985,
          22.699169378846406
        ],
        [
          105.93884098268902,
          22.698915777691166
        ],
        [
          105.93877381898899,
          22.698842375523686
        ],
        [
          105.93860016493778,
          22.698668601660547
        ],
        [
          105.93848544009089,
          22.698563421106318
        ],
        [
          105.93829782202866,
          22.698405722507864
        ],
        [
          105.93818762664837,
          22.69832086975333
        ],
        [
          105.93777376459603,
          22.6980545490462
        ],
        [
          105.9376373472582,
          22.697982069210017
        ],
        [
          105.93738200862836,
          22.69786143339561
        ],
        [
          105.93731312222249,
          22.697832744248444
        ],
        [
          105.93725675309388,
          22.697726387378573
        ],
        [
          105.93722663468502,
          22.69767753874278
        ],
        [
          105.93720724477217,
          22.69763796800778
        ],
        [
          105.93713039099391,
          22.697513375567343
        ],
        [
          105.93710288670884,
          22.6973292681434
        ],
        [
          105.93708335080082,
          22.697232975552907
        ],
        [
          105.93694749444883,
          22.69678201896785
        ],
        [
          105.93691389707726,
          22.696698966579824
        ],
        [
          105.93650556450682,
          22.69601242402671
        ],
        [
          105.93640562974717,
          22.695890313484153
        ],
        [
          105.93608965271018,
          22.69556310919709
        ],
        [
          105.9359709579961,
          22.69545863665715
        ],
        [
          105.93579467855136,
          22.695319864621176
        ],
        [
          105.93576775401125,
          22.695273751825365
        ],
        [
          105.93563574936397,
          22.695053778989106
        ],
        [
          105.93553119705558,
          22.694892934166734
        ],
        [
          105.9354023141382,
          22.694709360468984
        ],
        [
          105.9353887298761,
          22.69468683448621
        ],
        [
          105.93537568459567,
          22.694615058090967
        ],
        [
          105.93534609128535,
          22.694495001687432
        ],
        [
          105.93526404299446,
          22.694226568992164
        ],
        [
          105.93522739426933,
          22.694126592674213
        ],
        [
          105.93495587670672,
          22.693665301452747
        ],
        [
          105.93506947102397,
          22.693310514130665
        ],
        [
          105.93507857280265,
          22.69256096387237
        ],
        [
          105.93486601769699,
          22.69183777728622
        ],
        [
          105.93482451332272,
          22.691747944018438
        ],
        [
          105.934259010273,
          22.690950598260773
        ],
        [
          105.9334306428017,
          22.690384653549476
        ],
        [
          105.9333015376081,
          22.69032565351501
        ],
        [
          105.93199287931704,
          22.690046862128273
        ],
        [
          105.93188180297271,
          22.6900475088078
        ],
        [
          105.93181376884083,
          22.68997561589434
        ],
        [
          105.93099929270196,
          22.68937540119383
        ],
        [
          105.93090099198173,
          22.689326494986524
        ],
        [
          105.93063155125775,
          22.6892084475502
        ],
        [
          105.93050619222001,
          22.68916062034205
        ],
        [
          105.93031575970289,
          22.689095052824392
        ],
        [
          105.9301745191116,
          22.689051544544295
        ],
        [
          105.92988383854613,
          22.68897721961099
        ],
        [
          105.92987428606082,
          22.68897526314945
        ],
        [
          105.92973201257038,
          22.68890320553384
        ],
        [
          105.92957257083502,
          22.688828235051044
        ],
        [
          105.92948365397046,
          22.688789551985657
        ],
        [
          105.92938087700871,
          22.688717240732956
        ],
        [
          105.92930190993549,
          22.688664782362363
        ],
        [
          105.92928672643718,
          22.688652543585615
        ],
        [
          105.92925358000308,
          22.688626226118917
        ],
        [
          105.92913492662801,
          22.6885334334734
        ],
        [
          105.92885838946371,
          22.688341907461144
        ],
        [
          105.92874336162416,
          22.688271660559742
        ],
        [
          105.92853325781817,
          22.688154764837293
        ],
        [
          105.92843223811522,
          22.688103778662168
        ],
        [
          105.9278994753444,
          22.687895340968197
        ],
        [
          105.92776730564535,
          22.687857421593733
        ],
        [
          105.9274205713197,
          22.68778621087962
        ],
        [
          105.92737938983761,
          22.68775895656257
        ],
        [
          105.92724837846437,
          22.687677118989203
        ],
        [
          105.9270922161312,
          22.68758516443859
        ],
        [
          105.92703547295035,
          22.687552589462506
        ],
        [
          105.92683472824798,
          22.68744026825025
        ],
        [
          105.92629949341028,
          22.68720578363279
        ],
        [
          105.92616030373438,
          22.68716015538931
        ],
        [
          105.9256832700998,
          22.68704472628516
        ],
        [
          105.92552755006528,
          22.687019835662
        ],
        [
          105.92501360101839,
          22.68698055571665
        ],
        [
          105.9247858484948,
          22.686981871542297
        ],
        [
          105.92459146179587,
          22.686989007009196
        ],
        [
          105.92438151671836,
          22.687003224374386
        ],
        [
          105.92421624175047,
          22.687010196543994
        ],
        [
          105.924145390235,
          22.68699326733721
        ],
        [
          105.92386700974218,
          22.686940004992007
        ],
        [
          105.92378983019258,
          22.686928839702468
        ],
        [
          105.92353514564893,
          22.686855413339504
        ],
        [
          105.92315540252488,
          22.686764013826107
        ],
        [
          105.92309759308907,
          22.686750682103018
        ],
        [
          105.92288855001577,
          22.686704568752116
        ],
        [
          105.92285303105709,
          22.686693612945515
        ],
        [
          105.9227739642425,
          22.68667037640791
        ],
        [
          105.92264896043332,
          22.686635443983548
        ],
        [
          105.92218815788728,
          22.686543530708814
        ],
        [
          105.92212438712953,
          22.68653573714526
        ],
        [
          105.92208108531375,
          22.68646858689094
        ],
        [
          105.92201246849243,
          22.68637428994072
        ],
        [
          105.9218660653136,
          22.6861903369
        ],
        [
          105.92177887868367,
          22.68608994569194
        ],
        [
          105.9217253220499,
          22.686023128696956
        ],
        [
          105.92165233586785,
          22.68592861600595
        ],
        [
          105.9215638597011,
          22.685800748399437
        ],
        [
          105.92150313820761,
          22.685716500410994
        ],
        [
          105.9213773748502,
          22.685548880311863
        ],
        [
          105.92126220239689,
          22.685405685456754
        ],
        [
          105.92117655989517,
          22.68530622267646
        ],
        [
          105.9210662742055,
          22.68518554047281
        ],
        [
          105.92097499501729,
          22.68509137369932
        ],
        [
          105.92076026167221,
          22.684891791410077
        ],
        [
          105.9206532595386,
          22.684802189087854
        ],
        [
          105.92055143476202,
          22.684713043965658
        ],
        [
          105.92019942533987,
          22.684471938807963
        ],
        [
          105.92015915488253,
          22.68429820397902
        ],
        [
          105.92001715789253,
          22.683898100634874
        ],
        [
          105.9199436127223,
          22.68371368144226
        ],
        [
          105.91976373521705,
          22.683308443590224
        ],
        [
          105.9197057290381,
          22.683177757611286
        ],
        [
          105.91961618544025,
          22.68297602370047
        ],
        [
          105.9195956196038,
          22.682930855441363
        ],
        [
          105.91951110593084,
          22.682749825945002
        ],
        [
          105.91950502191729,
          22.68273679350517
        ],
        [
          105.91948469804495,
          22.68266822370555
        ],
        [
          105.91937028749808,
          22.682072521065106
        ],
        [
          105.91935823403348,
          22.682013550407692
        ],
        [
          105.91933112457856,
          22.6818884999665
        ],
        [
          105.91904895866436,
          22.681154755211903
        ],
        [
          105.91895444254988,
          22.680989130783313
        ],
        [
          105.91890878497136,
          22.680912166204173
        ],
        [
          105.9185409630293,
          22.680315242173542
        ],
        [
          105.91832923092417,
          22.680018671074407
        ],
        [
          105.91821776796962,
          22.67988283693787
        ],
        [
          105.91810393148383,
          22.679738535023237
        ],
        [
          105.9175707493574,
          22.679222352923915
        ],
        [
          105.91691064321364,
          22.6788535469952
        ],
        [
          105.91616956904764,
          22.678657792840813
        ],
        [
          105.91598171366144,
          22.678632336209784
        ],
        [
          105.91592394553449,
          22.67862931669109
        ],
        [
          105.9159297476499,
          22.67842268734511
        ],
        [
          105.91588476538492,
          22.677873146374047
        ],
        [
          105.91585088689934,
          22.677698071088017
        ],
        [
          105.91570225192936,
          22.677204322354424
        ],
        [
          105.91560767820829,
          22.676976116063372
        ],
        [
          105.91541942295406,
          22.676607418976293
        ],
        [
          105.9151484758475,
          22.676166067891135
        ],
        [
          105.91540853709853,
          22.675559322212145
        ],
        [
          105.91545782414033,
          22.67527045753307
        ],
        [
          105.91547440159641,
          22.6745351958559
        ],
        [
          105.9153791858793,
          22.67377153007239
        ],
        [
          105.91526561672195,
          22.673274714911905
        ],
        [
          105.91508005191874,
          22.672723651417137
        ],
        [
          105.91489744400428,
          22.672306681651442
        ],
        [
          105.91466561533625,
          22.67188227055367
        ],
        [
          105.91453323015082,
          22.671665283730057
        ],
        [
          105.91421386641555,
          22.67119382674438
        ],
        [
          105.91417559453411,
          22.671138814592993
        ],
        [
          105.91365204588949,
          22.670405846652887
        ],
        [
          105.91344409974145,
          22.670149159817473
        ],
        [
          105.9131896807583,
          22.66987107633474
        ],
        [
          105.91285095171888,
          22.669579540898802
        ],
        [
          105.91284228507861,
          22.669559804147095
        ],
        [
          105.91272700978628,
          22.669328939310926
        ],
        [
          105.91253275930563,
          22.66898342455231
        ],
        [
          105.91242851663027,
          22.668813286089385
        ],
        [
          105.9122692211496,
          22.668573851606133
        ],
        [
          105.91205938626253,
          22.668298414423674
        ],
        [
          105.91183965102826,
          22.668045045539866
        ],
        [
          105.91149150168528,
          22.667737475690696
        ],
        [
          105.91115665596607,
          22.667201056760533
        ],
        [
          105.91067813276297,
          22.666736428971024
        ],
        [
          105.91049151583637,
          22.666593744067864
        ],
        [
          105.91037371255587,
          22.66650827668813
        ],
        [
          105.90988072446716,
          22.666169116834833
        ],
        [
          105.90983055785622,
          22.666134605538936
        ],
        [
          105.90978475948208,
          22.66603339630167
        ],
        [
          105.90977837941804,
          22.665655647715198
        ],
        [
          105.90978743411878,
          22.665542665775995
        ],
        [
          105.90982704931983,
          22.66529875078235
        ],
        [
          105.91013320913885,
          22.664870027160475
        ],
        [
          105.91031435799552,
          22.66467366849446
        ],
        [
          105.91069044503,
          22.66415516739335
        ],
        [
          105.91083678322723,
          22.66389231018237
        ],
        [
          105.91100806233365,
          22.663413760308263
        ],
        [
          105.91109928104,
          22.66335562616896
        ],
        [
          105.91134844125892,
          22.663146092532187
        ],
        [
          105.91135690380786,
          22.663144921405806
        ],
        [
          105.91145127151293,
          22.663126404999254
        ],
        [
          105.91211612946705,
          22.66291577678411
        ],
        [
          105.91225034720736,
          22.662855674679385
        ],
        [
          105.91270044631388,
          22.662605555870382
        ],
        [
          105.91280963703856,
          22.662531751691933
        ],
        [
          105.91294872999822,
          22.662431644505286
        ],
        [
          105.91310370361131,
          22.662312995713766
        ],
        [
          105.91375790132751,
          22.661603581453832
        ],
        [
          105.91411380511506,
          22.660730198075655
        ],
        [
          105.91412916202314,
          22.659796548263994
        ],
        [
          105.91379218859521,
          22.657832201195585
        ],
        [
          105.91357202307884,
          22.6565487303287
        ],
        [
          105.91352502929814,
          22.656270519795196
        ],
        [
          105.91362892966495,
          22.65438430317066
        ],
        [
          105.91375685345191,
          22.652022776103678
        ],
        [
          105.9137991084147,
          22.651631073984788
        ],
        [
          105.9137936745001,
          22.65139816624382
        ],
        [
          105.91377523105334,
          22.651147148657703
        ],
        [
          105.9137582312332,
          22.65100998405357
        ],
        [
          105.9136033855121,
          22.650398211114727
        ],
        [
          105.91354268489776,
          22.650242395225515
        ],
        [
          105.9133771886387,
          22.64989562511497
        ],
        [
          105.91326410282178,
          22.649697423216534
        ],
        [
          105.91295486871086,
          22.649125547442168
        ],
        [
          105.9126167971249,
          22.64863843734552
        ],
        [
          105.91252300058935,
          22.6485306442551
        ],
        [
          105.91243767160395,
          22.648382731238133
        ],
        [
          105.91204986034973,
          22.647865639258093
        ],
        [
          105.911948834092,
          22.647759718624506
        ],
        [
          105.91160879293079,
          22.647471809399505
        ],
        [
          105.91173624474125,
          22.647361532348736
        ],
        [
          105.91183032064573,
          22.64727410615703
        ],
        [
          105.91225918667939,
          22.64676704874699
        ],
        [
          105.91235320393407,
          22.646623536362306
        ],
        [
          105.91241800507865,
          22.64651949142847
        ],
        [
          105.91249180137282,
          22.646394696323235
        ],
        [
          105.9126848194976,
          22.64599459079858
        ],
        [
          105.91275854102852,
          22.64580116466492
        ],
        [
          105.91290511088184,
          22.64521861254522
        ],
        [
          105.91292516262816,
          22.645062706294706
        ],
        [
          105.91294287934225,
          22.644861550159
        ],
        [
          105.91294943444149,
          22.64472436013668
        ],
        [
          105.91295126589456,
          22.644676465409653
        ],
        [
          105.91295771014448,
          22.644451951450055
        ],
        [
          105.91290249549925,
          22.64402655998096
        ],
        [
          105.91296142974473,
          22.643632429452673
        ],
        [
          105.91298478512667,
          22.64340801320459
        ],
        [
          105.91304849830583,
          22.642327725812315
        ],
        [
          105.91305139201528,
          22.642093579617683
        ],
        [
          105.91300684775555,
          22.640791638901977
        ],
        [
          105.9130555536415,
          22.64048005452891
        ],
        [
          105.91310585930333,
          22.640158274393727
        ],
        [
          105.91311266509778,
          22.640111930320224
        ],
        [
          105.91331248608178,
          22.638657555590257
        ],
        [
          105.91349440083795,
          22.63809115878694
        ],
        [
          105.91359384072307,
          22.63765083074094
        ],
        [
          105.9136309679409,
          22.63737326026988
        ],
        [
          105.91367493199208,
          22.637043946870644
        ],
        [
          105.91369673896679,
          22.636752888785658
        ],
        [
          105.91370848867706,
          22.63605276490444
        ],
        [
          105.91381880681365,
          22.63575998020396
        ],
        [
          105.91395689111715,
          22.635223425481076
        ],
        [
          105.91401903613031,
          22.634790715671485
        ],
        [
          105.91403835091096,
          22.634655917859913
        ],
        [
          105.91406252433609,
          22.63421740591195
        ],
        [
          105.91405264489704,
          22.633911570300995
        ],
        [
          105.91404910698952,
          22.633802257185398
        ],
        [
          105.91408340401847,
          22.633359715877454
        ],
        [
          105.91417636681406,
          22.63304234347295
        ],
        [
          105.91419989198585,
          22.632956512763407
        ],
        [
          105.91433701638526,
          22.632419651718568
        ],
        [
          105.91436905922238,
          22.632277280420443
        ],
        [
          105.9145336370331,
          22.631433509081102
        ],
        [
          105.9145772224392,
          22.631075964292446
        ],
        [
          105.91459298678029,
          22.630759717184866
        ],
        [
          105.91479808092141,
          22.629907112567718
        ],
        [
          105.91507918543638,
          22.628796921511913
        ],
        [
          105.91514623430871,
          22.627948369596353
        ],
        [
          105.91513920970823,
          22.62787130677465
        ],
        [
          105.91511066648387,
          22.627745481995827
        ],
        [
          105.91528497569885,
          22.627523164406433
        ],
        [
          105.91556765252187,
          22.62667452359881
        ],
        [
          105.91553953467027,
          22.625786620104325
        ],
        [
          105.91520364917211,
          22.62495485992387
        ],
        [
          105.91459609154485,
          22.624268614864402
        ],
        [
          105.91378214553086,
          22.623801620207725
        ],
        [
          105.91362228102811,
          22.623740801212655
        ],
        [
          105.91297663386871,
          22.623572458244617
        ],
        [
          105.91284859331186,
          22.62355343652702
        ],
        [
          105.91264756091432,
          22.623530180328398
        ],
        [
          105.91251115757326,
          22.62351884645898
        ],
        [
          105.91219472057347,
          22.623508559158367
        ],
        [
          105.91196960797798,
          22.62351258393566
        ],
        [
          105.91174921630541,
          22.623524274585453
        ],
        [
          105.91138736525542,
          22.62355624874182
        ],
        [
          105.91076024735297,
          22.623677192619706
        ],
        [
          105.91075674459843,
          22.62367825134907
        ],
        [
          105.91041629792296,
          22.623674135764897
        ],
        [
          105.91024694419843,
          22.62368577043314
        ],
        [
          105.90974856122011,
          22.623791849637847
        ],
        [
          105.90961568734338,
          22.62377115806851
        ],
        [
          105.90892450231004,
          22.623817284056322
        ],
        [
          105.908709702234,
          22.623855787197208
        ],
        [
          105.90854215800924,
          22.623890593363267
        ],
        [
          105.90828189854311,
          22.62395217406175
        ],
        [
          105.90821596320663,
          22.623968539546958
        ],
        [
          105.90812262161134,
          22.62399279629432
        ],
        [
          105.90793967970173,
          22.624029532091132
        ],
        [
          105.90772234452423,
          22.624081365971712
        ],
        [
          105.90737545432371,
          22.624177434003155
        ],
        [
          105.90709046668438,
          22.62427154066084
        ],
        [
          105.90697066541583,
          22.62431772278012
        ],
        [
          105.90635337438044,
          22.624642341906405
        ],
        [
          105.90625849197826,
          22.624707543874386
        ],
        [
          105.90582141181501,
          22.62511086482448
        ],
        [
          105.90554052294414,
          22.625009328228863
        ],
        [
          105.90449757392412,
          22.62482468310198
        ],
        [
          105.9034524758349,
          22.624998542035307
        ],
        [
          105.90334817542637,
          22.62503500932409
        ],
        [
          105.90243563909027,
          22.625547300125252
        ],
        [
          105.90219020574592,
          22.62575021199821
        ],
        [
          105.90196454317899,
          22.625921381383982
        ],
        [
          105.90171083494582,
          22.62613824636512
        ],
        [
          105.90147565947552,
          22.62636451734498
        ],
        [
          105.90120002872159,
          22.62667227753315
        ],
        [
          105.90113814097253,
          22.626752805653922
        ],
        [
          105.90080862095718,
          22.62730989852666
        ],
        [
          105.90074681155792,
          22.627451652577108
        ],
        [
          105.9007044137538,
          22.62755489075847
        ],
        [
          105.90060171768248,
          22.62782113746553
        ],
        [
          105.900554760726,
          22.627921014220398
        ],
        [
          105.90051257544415,
          22.628015573315114
        ],
        [
          105.9004266786347,
          22.628218890720994
        ],
        [
          105.90033693460144,
          22.628383808709234
        ],
        [
          105.90033441125014,
          22.62838641976586
        ],
        [
          105.9002000393431,
          22.628461158036767
        ],
        [
          105.90001582940404,
          22.628574252079662
        ],
        [
          105.89987364784486,
          22.628655326958604
        ],
        [
          105.89977541443051,
          22.628699347667105
        ],
        [
          105.89970909387407,
          22.62873003698589
        ],
        [
          105.89948759057525,
          22.628835815080627
        ],
        [
          105.89896538113794,
          22.629155107934242
        ],
        [
          105.89887303850368,
          22.629225819868292
        ],
        [
          105.89839320029742,
          22.62969289495838
        ],
        [
          105.89831897253008,
          22.62978499591715
        ],
        [
          105.89825141556449,
          22.629872383117025
        ],
        [
          105.89810084553244,
          22.630075543957847
        ],
        [
          105.89782206511029,
          22.630545342227244
        ],
        [
          105.89767365581656,
          22.63086725895146
        ],
        [
          105.89761850269646,
          22.63099587929947
        ],
        [
          105.8975484495865,
          22.6311722282213
        ],
        [
          105.89751727402074,
          22.631254789996284
        ],
        [
          105.89748022212822,
          22.63135823342694
        ],
        [
          105.8974417650453,
          22.63148517621119
        ],
        [
          105.89742823370696,
          22.631495101457173
        ],
        [
          105.89731177535025,
          22.63158518012474
        ],
        [
          105.89713704549767,
          22.631727625965816
        ],
        [
          105.89698321072595,
          22.63183293125589
        ],
        [
          105.89661528839386,
          22.631944503195818
        ],
        [
          105.8963715879599,
          22.632036657431165
        ],
        [
          105.89629070755736,
          22.632068567855118
        ],
        [
          105.89609456027603,
          22.632149212342167
        ],
        [
          105.89584151976739,
          22.632267190735327
        ],
        [
          105.89568045553305,
          22.63235160425766
        ],
        [
          105.89562158321401,
          22.63238330485663
        ],
        [
          105.89559732413308,
          22.632396720733404
        ],
        [
          105.89539949729264,
          22.632417225804673
        ],
        [
          105.89528389331487,
          22.632444154234594
        ],
        [
          105.89496502320637,
          22.632568849051317
        ],
        [
          105.8944908521713,
          22.632590007529874
        ],
        [
          105.89439581796992,
          22.63260165324873
        ],
        [
          105.89410369669648,
          22.6326642384805
        ],
        [
          105.89370860356385,
          22.63252478995092
        ],
        [
          105.89361771319048,
          22.632501935324846
        ],
        [
          105.89351209680135,
          22.632477330952213
        ],
        [
          105.89333441106952,
          22.632439192565084
        ],
        [
          105.89295094467941,
          22.632381511684912
        ],
        [
          105.89286416036991,
          22.6323739117767
        ],
        [
          105.89272786210907,
          22.632364957419863
        ],
        [
          105.89257490559253,
          22.632358243584783
        ],
        [
          105.89221232371614,
          22.63233804963033
        ],
        [
          105.89206751599858,
          22.63229001343399
        ],
        [
          105.89159641219523,
          22.632156309641427
        ],
        [
          105.89144810219013,
          22.632118155459903
        ],
        [
          105.89134268352521,
          22.63209379388711
        ],
        [
          105.89105746266165,
          22.632012503044617
        ],
        [
          105.89086185937073,
          22.631963579389275
        ],
        [
          105.89077184802483,
          22.63194414870189
        ],
        [
          105.89010778020804,
          22.631873721674857
        ],
        [
          105.8899095050962,
          22.63187390154655
        ],
        [
          105.88935682539409,
          22.631923420921424
        ],
        [
          105.88922871973479,
          22.631946472409023
        ],
        [
          105.88912232928172,
          22.63196753290238
        ],
        [
          105.88880222796615,
          22.632036710418074
        ],
        [
          105.88875266452872,
          22.632047846095038
        ],
        [
          105.88870120471597,
          22.632059850453118
        ],
        [
          105.88864328817935,
          22.63206885381703
        ],
        [
          105.88826206480425,
          22.63215286551537
        ],
        [
          105.88812167112606,
          22.63219321469605
        ],
        [
          105.88760161068929,
          22.632466021007772
        ],
        [
          105.88759439531118,
          22.63246569336201
        ],
        [
          105.88739205467166,
          22.632393367515732
        ],
        [
          105.88730934217578,
          22.632374292825347
        ],
        [
          105.88698239554813,
          22.63231702965963
        ],
        [
          105.88688743438013,
          22.632305552820988
        ],
        [
          105.88650797488121,
          22.632282874302263
        ],
        [
          105.88637576247403,
          22.632282982217273
        ],
        [
          105.88621793556234,
          22.632287074505424
        ],
        [
          105.88614388489452,
          22.63229085700331
        ],
        [
          105.88610293074822,
          22.632290892160935
        ],
        [
          105.88576657840656,
          22.632309230389726
        ],
        [
          105.88562406512224,
          22.63232470000603
        ],
        [
          105.88535523752631,
          22.6323657624737
        ],
        [
          105.88494632189978,
          22.632446575710762
        ],
        [
          105.88462930285999,
          22.632526777695983
        ],
        [
          105.88454254525668,
          22.632553679158327
        ],
        [
          105.88437648585892,
          22.632613866828358
        ],
        [
          105.88431634923039,
          22.63261561917991
        ],
        [
          105.88388606817486,
          22.632657938685032
        ],
        [
          105.88379512084998,
          22.63267327833991
        ],
        [
          105.88328982324171,
          22.632802915528984
        ],
        [
          105.88319072175699,
          22.63283749585519
        ],
        [
          105.88296233193194,
          22.63292765182319
        ],
        [
          105.88287558906896,
          22.632966013117702
        ],
        [
          105.88284706581206,
          22.632979622229985
        ],
        [
          105.88281736813518,
          22.63298034683881
        ],
        [
          105.88268207578918,
          22.63298730199295
        ],
        [
          105.88243206383952,
          22.632942493283533
        ],
        [
          105.88222958475671,
          22.63291972159581
        ],
        [
          105.88197778092176,
          22.632901618042773
        ],
        [
          105.88185802427184,
          22.63289783404111
        ],
        [
          105.88175361907561,
          22.632897810952585
        ],
        [
          105.88170860216154,
          22.632859342092967
        ],
        [
          105.88161491995491,
          22.632782657938574
        ],
        [
          105.88150743251002,
          22.632698398164912
        ],
        [
          105.88142882228199,
          22.63263891567636
        ],
        [
          105.88136715573141,
          22.632593886206557
        ],
        [
          105.88112655976585,
          22.63241281068546
        ],
        [
          105.8810957802234,
          22.632386883280997
        ],
        [
          105.88030474944351,
          22.631911255619688
        ],
        [
          105.88020139300005,
          22.631869253313837
        ],
        [
          105.87996568487968,
          22.63179361247782
        ],
        [
          105.87995712722125,
          22.631786403172594
        ],
        [
          105.87952609455603,
          22.631485703351252
        ],
        [
          105.87938553011172,
          22.631405344624117
        ],
        [
          105.87874617496624,
          22.631132316302132
        ],
        [
          105.87856644205084,
          22.63107881118887
        ],
        [
          105.87823278215328,
          22.630999296854043
        ],
        [
          105.8781372015422,
          22.630982025298973
        ],
        [
          105.87812991422501,
          22.630943283034664
        ],
        [
          105.87807214264048,
          22.630690128584266
        ],
        [
          105.8780360381278,
          22.630506074350464
        ],
        [
          105.8779423976481,
          22.630159907452825
        ],
        [
          105.87790514076336,
          22.630052649148368
        ],
        [
          105.87781548981779,
          22.62982883454721
        ],
        [
          105.877782341696,
          22.62975606713024
        ],
        [
          105.87767599332034,
          22.629547778056327
        ],
        [
          105.87763467438747,
          22.62947501974132
        ],
        [
          105.87742703947892,
          22.6291626901067
        ],
        [
          105.87730512299801,
          22.629004391375485
        ],
        [
          105.87721381857035,
          22.628880773568643
        ],
        [
          105.87704615926489,
          22.628675438182167
        ],
        [
          105.87692209271833,
          22.628537625906738
        ],
        [
          105.87685485502918,
          22.62846555411616
        ],
        [
          105.87671424172329,
          22.628320083002787
        ],
        [
          105.87664591494585,
          22.628251795361347
        ],
        [
          105.87655077893147,
          22.62815993359173
        ],
        [
          105.87644818996971,
          22.628065656048676
        ],
        [
          105.87637380815696,
          22.62800060095754
        ],
        [
          105.87601805311331,
          22.6277349862715
        ],
        [
          105.87593949785142,
          22.627685196042595
        ],
        [
          105.87543988971515,
          22.62743102249362
        ],
        [
          105.87532416948189,
          22.627385148252873
        ],
        [
          105.87494801060541,
          22.62726346441925
        ],
        [
          105.87478279355426,
          22.627221507108054
        ],
        [
          105.87465150808993,
          22.627191644424123
        ],
        [
          105.87459544873411,
          22.627152358008956
        ],
        [
          105.87434535037409,
          22.62699525597768
        ],
        [
          105.87420889392354,
          22.626918780193602
        ],
        [
          105.87376629438256,
          22.626715977636792
        ],
        [
          105.87362994855442,
          22.626666321461315
        ],
        [
          105.87323059146445,
          22.626550765803582
        ],
        [
          105.87312521339716,
          22.626527815174352
        ],
        [
          105.8729976623159,
          22.626502811020927
        ],
        [
          105.87276776028821,
          22.626462698539417
        ],
        [
          105.87244047741474,
          22.626236266150354
        ],
        [
          105.87231647773837,
          22.626163569296068
        ],
        [
          105.87179250811573,
          22.625920868160836
        ],
        [
          105.8717057015193,
          22.625890319668514
        ],
        [
          105.87108958139513,
          22.625742368759816
        ],
        [
          105.87089129219946,
          22.62571569515019
        ],
        [
          105.87032802705997,
          22.62569101389713
        ],
        [
          105.87015867135692,
          22.62569881364312
        ],
        [
          105.87003667373968,
          22.625706813557375
        ],
        [
          105.87000804415115,
          22.625709251412403
        ],
        [
          105.86995916948726,
          22.62543410015245
        ],
        [
          105.86995624665722,
          22.625424603350936
        ],
        [
          105.87010371590947,
          22.624750235644157
        ],
        [
          105.87011034794739,
          22.624657122587003
        ],
        [
          105.87005503255722,
          22.623924216725523
        ],
        [
          105.8700215276572,
          22.62377531440448
        ],
        [
          105.8699386321552,
          22.623506185432547
        ],
        [
          105.8699257575031,
          22.623428293644093
        ],
        [
          105.86966875637415,
          22.622660260012257
        ],
        [
          105.86918026940806,
          22.62199607238731
        ],
        [
          105.86850332277908,
          22.62149422891797
        ],
        [
          105.86769753920238,
          22.621198928868203
        ],
        [
          105.86683388688796,
          22.621136180303516
        ],
        [
          105.86559450388245,
          22.62121781498073
        ],
        [
          105.86557429096635,
          22.62121921176339
        ],
        [
          105.86470806170257,
          22.62128187703425
        ],
        [
          105.86442701827637,
          22.6213150090762
        ],
        [
          105.86419846149795,
          22.621352493231576
        ],
        [
          105.86404674635665,
          22.621377397183398
        ],
        [
          105.86319957239797,
          22.621645862715066
        ],
        [
          105.86311739168771,
          22.62168586225592
        ],
        [
          105.86295667861806,
          22.62166103542036
        ],
        [
          105.86242519666915,
          22.621567661210275
        ],
        [
          105.86137747727514,
          22.621561251981543
        ],
        [
          105.86062232392038,
          22.621820578911624
        ],
        [
          105.86061877972107,
          22.621821211870614
        ],
        [
          105.86031952902738,
          22.621890046602104
        ],
        [
          105.86014475493359,
          22.621939476598726
        ],
        [
          105.8599833415815,
          22.621989950213898
        ],
        [
          105.8595226546848,
          22.622148042129673
        ],
        [
          105.85882391231607,
          22.622494163280958
        ],
        [
          105.85869157921651,
          22.62258302786252
        ],
        [
          105.8583771779505,
          22.622872096278318
        ],
        [
          105.85777329001722,
          22.622994795221636
        ],
        [
          105.85691728779304,
          22.623497759120827
        ],
        [
          105.85680424726688,
          22.623633615317864
        ],
        [
          105.85636151742209,
          22.623833166331032
        ],
        [
          105.85627147807155,
          22.62389238237775
        ],
        [
          105.856149462924,
          22.62397715389484
        ],
        [
          105.85614291102381,
          22.623981958633735
        ],
        [
          105.85614260162563,
          22.6239821592256
        ],
        [
          105.85597565942939,
          22.624080868269147
        ],
        [
          105.85531934484777,
          22.624611801301594
        ],
        [
          105.85522506173393,
          22.62475307673758
        ],
        [
          105.85511773490497,
          22.62480332775618
        ],
        [
          105.85472159886088,
          22.625126667285333
        ],
        [
          105.85471650502684,
          22.6251214161315
        ],
        [
          105.85462857185163,
          22.625194928132807
        ],
        [
          105.85454407098845,
          22.625257417235098
        ],
        [
          105.85443947266953,
          22.625338545263926
        ],
        [
          105.85423306920067,
          22.625506383809075
        ],
        [
          105.85388005509394,
          22.625848487499248
        ],
        [
          105.85381390757863,
          22.62592498559024
        ],
        [
          105.85333754117656,
          22.62671966823827
        ],
        [
          105.8532744842064,
          22.626885568263678
        ],
        [
          105.85322387767897,
          22.627034234279787
        ],
        [
          105.85320815575888,
          22.62705929753429
        ],
        [
          105.85315517421265,
          22.627147497768156
        ],
        [
          105.85311910616527,
          22.62721026301534
        ],
        [
          105.85308543442937,
          22.627260895442173
        ],
        [
          105.85284677125722,
          22.62770687387999
        ],
        [
          105.85280977072468,
          22.627795678308416
        ],
        [
          105.85274744510248,
          22.628011388956324
        ],
        [
          105.85245796230397,
          22.62812547121563
        ],
        [
          105.85177483284436,
          22.628672484570203
        ],
        [
          105.85130424024247,
          22.629387005709575
        ],
        [
          105.85109113317505,
          22.630200792582556
        ],
        [
          105.85115370234006,
          22.631008152517175
        ],
        [
          105.85106380991365,
          22.63130498214048
        ],
        [
          105.85105533130103,
          22.631428889069095
        ],
        [
          105.85104979327743,
          22.63164164636274
        ],
        [
          105.85105315592203,
          22.631848102556997
        ],
        [
          105.85116170378586,
          22.63254033551957
        ],
        [
          105.85118559633764,
          22.63261925197662
        ],
        [
          105.85121189593438,
          22.632668714026302
        ],
        [
          105.85120476887906,
          22.63270748446314
        ],
        [
          105.85120226223066,
          22.6328800795304
        ],
        [
          105.85120199768208,
          22.63291850697666
        ],
        [
          105.8512022690775,
          22.63327848821549
        ],
        [
          105.85125147371114,
          22.63377204195974
        ],
        [
          105.85129394951383,
          22.633984068837805
        ],
        [
          105.85130448550241,
          22.6340182153628
        ],
        [
          105.8512947617316,
          22.63403797886096
        ],
        [
          105.85103779046919,
          22.63423702373904
        ],
        [
          105.85056567200701,
          22.634572134453162
        ],
        [
          105.85042390232128,
          22.63467946035771
        ],
        [
          105.85027110495008,
          22.6348027322347
        ],
        [
          105.85020967192752,
          22.634848511348213
        ],
        [
          105.850049885508,
          22.63499205688976
        ],
        [
          105.84950767933621,
          22.63520691542167
        ],
        [
          105.84937532279974,
          22.635275995213274
        ],
        [
          105.84922149128629,
          22.63536217123565
        ],
        [
          105.8487688003107,
          22.635633749704922
        ],
        [
          105.84836742372654,
          22.635923479805548
        ],
        [
          105.84812122700022,
          22.636135589792982
        ],
        [
          105.84778137393137,
          22.63648399775248
        ],
        [
          105.8476120482762,
          22.63669118538342
        ],
        [
          105.84730782650831,
          22.637152837883608
        ],
        [
          105.84727257295037,
          22.637220761528802
        ],
        [
          105.84725963166467,
          22.63724320790108
        ],
        [
          105.84725350612582,
          22.637253318095482
        ],
        [
          105.84714607092964,
          22.637393030542317
        ],
        [
          105.84711435246389,
          22.637435116070037
        ],
        [
          105.84699557085159,
          22.637595944361955
        ],
        [
          105.84671379219802,
          22.63807452668425
        ],
        [
          105.8466384404565,
          22.638240249522784
        ],
        [
          105.84647750084775,
          22.63870910192588
        ],
        [
          105.84645234674275,
          22.638814733549697
        ],
        [
          105.84643923899121,
          22.638896671401746
        ],
        [
          105.84610229115073,
          22.639149672974554
        ],
        [
          105.84598581403189,
          22.639258202497835
        ],
        [
          105.84595153668295,
          22.639290681389085
        ],
        [
          105.84579275936768,
          22.63944367434735
        ],
        [
          105.84562559141638,
          22.639619364215914
        ],
        [
          105.84554832613766,
          22.6397080182174
        ],
        [
          105.8455000000203,
          22.639731718591896
        ],
        [
          105.84544118004631,
          22.63975784483752
        ],
        [
          105.8450995505091,
          22.639936699262268
        ],
        [
          105.84496183969766,
          22.64002058687054
        ],
        [
          105.84449410269572,
          22.64037480182841
        ],
        [
          105.84441476061221,
          22.640448818821913
        ],
        [
          105.84420098335852,
          22.6406715220961
        ],
        [
          105.84411620867697,
          22.640770282927395
        ],
        [
          105.8438388935964,
          22.64115732010091
        ],
        [
          105.84378068625021,
          22.64125597722602
        ],
        [
          105.84347510550059,
          22.642042349186358
        ],
        [
          105.84345657870387,
          22.64213113591476
        ],
        [
          105.8434389519608,
          22.642371109565843
        ],
        [
          105.84340597023625,
          22.642374329769126
        ],
        [
          105.84304034996339,
          22.642291637112663
        ],
        [
          105.84216507230212,
          22.642342506642294
        ],
        [
          105.84134555917757,
          22.64263236620425
        ],
        [
          105.84126083910783,
          22.642676853427524
        ],
        [
          105.84111345644433,
          22.64276023076628
        ],
        [
          105.8409965309238,
          22.642775405553884
        ],
        [
          105.84019856106389,
          22.643126413862905
        ],
        [
          105.83955014978828,
          22.643682820141095
        ],
        [
          105.83932680203368,
          22.64394298959194
        ],
        [
          105.83923804365207,
          22.644018864242163
        ],
        [
          105.8391004583608,
          22.644152061469097
        ],
        [
          105.83906666837953,
          22.644185331066073
        ],
        [
          105.83892373593278,
          22.644328462198764
        ],
        [
          105.8387253646205,
          22.64454958098665
        ],
        [
          105.83859042122361,
          22.644717370088728
        ],
        [
          105.83827992398312,
          22.645201289412082
        ],
        [
          105.83823651833612,
          22.645288437431113
        ],
        [
          105.83800486419194,
          22.645707079538404
        ],
        [
          105.83795723069531,
          22.64579723357519
        ],
        [
          105.83787522016453,
          22.645960012318746
        ],
        [
          105.83778762505798,
          22.646152971848743
        ],
        [
          105.83771359487086,
          22.646335449702
        ],
        [
          105.8376648025868,
          22.64647771152005
        ],
        [
          105.83739147739945,
          22.646754190154127
        ],
        [
          105.83702419457127,
          22.64745009051994
        ],
        [
          105.83688411647198,
          22.648214021980944
        ],
        [
          105.83698270118376,
          22.648983517229674
        ],
        [
          105.83731189102448,
          22.649695652998407
        ],
        [
          105.83735079892357,
          22.649754717817057
        ],
        [
          105.83734722189753,
          22.64984160524963
        ],
        [
          105.83734732266458,
          22.64999450034922
        ],
        [
          105.83735941764107,
          22.65023925795022
        ],
        [
          105.83737152274794,
          22.65036230706405
        ],
        [
          105.83692297328142,
          22.650700341423292
        ],
        [
          105.83684352590085,
          22.65078427836358
        ],
        [
          105.83624980730396,
          22.651765706544907
        ],
        [
          105.83604575899317,
          22.652372717390318
        ],
        [
          105.83591407171767,
          22.653244180615026
        ],
        [
          105.8360901814227,
          22.65410885939997
        ],
        [
          105.83655552234377,
          22.654875571546423
        ],
        [
          105.83668704534955,
          22.655027736505996
        ],
        [
          105.83674041342078,
          22.655099530777942
        ],
        [
          105.83680782271077,
          22.655200699190203
        ],
        [
          105.83680955625854,
          22.655203251734562
        ],
        [
          105.83682009748853,
          22.65531570191539
        ],
        [
          105.83682174349444,
          22.65563503001425
        ],
        [
          105.83681552298606,
          22.655815666677743
        ],
        [
          105.83687384978941,
          22.65644795841775
        ],
        [
          105.83690332418585,
          22.656581017014638
        ],
        [
          105.83743832346612,
          22.65767458787469
        ],
        [
          105.83751262289525,
          22.657765358953945
        ],
        [
          105.83784855792838,
          22.65810990785906
        ],
        [
          105.83796246924716,
          22.658208286242434
        ],
        [
          105.83810161610052,
          22.65831638117182
        ],
        [
          105.83834332127518,
          22.65861362619223
        ],
        [
          105.83865800372071,
          22.658941551732283
        ],
        [
          105.83874349290448,
          22.659017276786308
        ],
        [
          105.83894316082062,
          22.65917873165629
        ],
        [
          105.8390611505837,
          22.659265727950768
        ],
        [
          105.83920517150459,
          22.659365367531375
        ],
        [
          105.83931549141185,
          22.659436899115175
        ],
        [
          105.83941866837807,
          22.659922535752283
        ],
        [
          105.83944927794225,
          22.660005790315857
        ],
        [
          105.83994393267373,
          22.66083650320063
        ],
        [
          105.83999680538423,
          22.660897072946934
        ],
        [
          105.84012707397507,
          22.66103633633985
        ],
        [
          105.84014391967854,
          22.66105315334104
        ],
        [
          105.84011922900638,
          22.66112179559467
        ],
        [
          105.84009281707732,
          22.66122024819298
        ],
        [
          105.84004240975834,
          22.661450197354537
        ],
        [
          105.84002622180938,
          22.661544859126522
        ],
        [
          105.84002003998114,
          22.6617749021662
        ],
        [
          105.8400124619285,
          22.661798789910147
        ],
        [
          105.83992894668785,
          22.661876684477914
        ],
        [
          105.8397748933251,
          22.662032029322944
        ],
        [
          105.83969156183933,
          22.662122924198023
        ],
        [
          105.83965688604206,
          22.662161465027424
        ],
        [
          105.83960000563921,
          22.662225889249626
        ],
        [
          105.83930816846687,
          22.66262390229685
        ],
        [
          105.83925129719717,
          22.662718578443393
        ],
        [
          105.83909980388846,
          22.66301057245463
        ],
        [
          105.83904296472367,
          22.663139300575722
        ],
        [
          105.8390333443887,
          22.663164083814657
        ],
        [
          105.83900112938271,
          22.66320758691471
        ],
        [
          105.8385591990359,
          22.664146083162255
        ],
        [
          105.83852882154946,
          22.664271044705384
        ],
        [
          105.83851519551062,
          22.66433398626971
        ],
        [
          105.83849360927267,
          22.664404478637753
        ],
        [
          105.83833022172188,
          22.66463378421259
        ],
        [
          105.83813549412338,
          22.664951834800778
        ],
        [
          105.83807454533574,
          22.665069179868844
        ],
        [
          105.83782267016979,
          22.665811441167886
        ],
        [
          105.83778621988725,
          22.666019720651146
        ],
        [
          105.83775742170567,
          22.666241920265318
        ],
        [
          105.83773722967791,
          22.666480449055722
        ],
        [
          105.83773725842836,
          22.666585396162084
        ],
        [
          105.83733714790675,
          22.667485110822845
        ],
        [
          105.83728437467937,
          22.667742620049584
        ],
        [
          105.83734159136819,
          22.66898124779178
        ],
        [
          105.83736541989713,
          22.66906003584596
        ],
        [
          105.83730489044592,
          22.66967873862877
        ],
        [
          105.8373089962522,
          22.6697828207687
        ],
        [
          105.83743227992404,
          22.67046879754084
        ],
        [
          105.83747304167386,
          22.670593764309473
        ],
        [
          105.83779588987403,
          22.671243203024275
        ],
        [
          105.83779715308414,
          22.671245941595647
        ],
        [
          105.83783288427563,
          22.671320297109546
        ],
        [
          105.83788588974005,
          22.671426290019486
        ],
        [
          105.83837838836882,
          22.672112916721307
        ],
        [
          105.83847471277315,
          22.67221080043092
        ],
        [
          105.83850875549233,
          22.672351073516
        ],
        [
          105.83851346807631,
          22.672361783258655
        ],
        [
          105.83854548689943,
          22.672465058372374
        ],
        [
          105.83862332377468,
          22.672675576897106
        ],
        [
          105.83859770660386,
          22.673088010098418
        ],
        [
          105.8386082804555,
          22.673191498352427
        ],
        [
          105.83900652007154,
          22.674322379527815
        ],
        [
          105.83907500489437,
          22.67442908562039
        ],
        [
          105.83916200840854,
          22.6745205017556
        ],
        [
          105.83893131583113,
          22.674747053911773
        ],
        [
          105.83882560797704,
          22.67487029545171
        ],
        [
          105.83878392251786,
          22.674920072614746
        ],
        [
          105.83865415396113,
          22.675078807508694
        ],
        [
          105.83856225547459,
          22.675181339799707
        ],
        [
          105.83834839581843,
          22.675340328083575
        ],
        [
          105.83803778382466,
          22.675607799126567
        ],
        [
          105.83780504013431,
          22.675839573088275
        ],
        [
          105.83724854425131,
          22.676638796627646
        ],
        [
          105.83713839569016,
          22.676882470871387
        ],
        [
          105.83682056573706,
          22.677386533568384
        ],
        [
          105.83671159749882,
          22.677516485162702
        ],
        [
          105.83620325781825,
          22.67845316572317
        ],
        [
          105.83616625745442,
          22.678576363153983
        ],
        [
          105.8360703966191,
          22.679397199054492
        ]
      ]
    ]
  }
}